"Min,Max,Modal Price from Maharashtra,Thane[Bajra(Pearl Millet/Cumbu)],Ulhasnagar from 01-Jan-2010To23-Oct-2020 (Total-1070) (Total-1070)",,,,,,,,,
Sl no.,District Name,Market Name,Commodity,Variety,Grade,Min Price (Rs./Quintal),Max Price (Rs./Quintal),Modal Price (Rs./Quintal),Price Date
1,Thane,Ulhasnagar,Bajra(Pearl Millet/Cumbu),Other,FAQ,2500,2900,2700,11-Mar-20
2,Thane,Ulhasnagar,Bajra(Pearl Millet/Cumbu),Other,FAQ,2600,3000,2800,9-Mar-20
3,Thane,Ulhasnagar,Bajra(Pearl Millet/Cumbu),Other,FAQ,2600,2800,2700,7-Mar-20
4,Thane,Ulhasnagar,Bajra(Pearl Millet/Cumbu),Other,FAQ,2800,3000,2900,3-Mar-20
5,Thane,Ulhasnagar,Bajra(Pearl Millet/Cumbu),Other,FAQ,2600,2800,2700,27-Feb-20
6,Thane,Ulhasnagar,Bajra(Pearl Millet/Cumbu),Other,FAQ,2500,2800,2650,25-Feb-20
7,Thane,Ulhasnagar,Bajra(Pearl Millet/Cumbu),Other,FAQ,2500,2800,2650,24-Feb-20
8,Thane,Ulhasnagar,Bajra(Pearl Millet/Cumbu),Other,FAQ,2500,2900,2700,22-Feb-20
9,Thane,Ulhasnagar,Bajra(Pearl Millet/Cumbu),Other,FAQ,2600,2800,2700,21-Feb-20
10,Thane,Ulhasnagar,Bajra(Pearl Millet/Cumbu),Other,FAQ,2600,3000,2800,20-Feb-20
11,Thane,Ulhasnagar,Bajra(Pearl Millet/Cumbu),Other,FAQ,2600,3000,2800,19-Feb-20
12,Thane,Ulhasnagar,Bajra(Pearl Millet/Cumbu),Other,FAQ,2600,3000,2800,17-Feb-20
13,Thane,Ulhasnagar,Bajra(Pearl Millet/Cumbu),Other,FAQ,2400,2800,2600,11-Feb-20
14,Thane,Ulhasnagar,Bajra(Pearl Millet/Cumbu),Other,FAQ,2400,2800,2600,10-Feb-20
15,Thane,Ulhasnagar,Bajra(Pearl Millet/Cumbu),Other,FAQ,2400,2800,2600,7-Feb-20
16,Thane,Ulhasnagar,Bajra(Pearl Millet/Cumbu),Other,FAQ,2600,3000,2800,5-Feb-20
17,Thane,Ulhasnagar,Bajra(Pearl Millet/Cumbu),Other,FAQ,2500,3000,2750,4-Feb-20
18,Thane,Ulhasnagar,Bajra(Pearl Millet/Cumbu),Other,FAQ,2500,3000,2750,3-Feb-20
19,Thane,Ulhasnagar,Bajra(Pearl Millet/Cumbu),Other,FAQ,2800,3000,2900,2-Feb-20
20,Thane,Ulhasnagar,Bajra(Pearl Millet/Cumbu),Other,FAQ,2500,2700,2600,31-Jan-20
21,Thane,Ulhasnagar,Bajra(Pearl Millet/Cumbu),Other,FAQ,2400,2800,2600,25-Jan-20
22,Thane,Ulhasnagar,Bajra(Pearl Millet/Cumbu),Other,FAQ,2600,3000,2800,23-Jan-20
23,Thane,Ulhasnagar,Bajra(Pearl Millet/Cumbu),Other,FAQ,2500,2700,2600,22-Jan-20
24,Thane,Ulhasnagar,Bajra(Pearl Millet/Cumbu),Other,FAQ,2600,3000,2800,21-Jan-20
25,Thane,Ulhasnagar,Bajra(Pearl Millet/Cumbu),Other,FAQ,2500,2700,2600,20-Jan-20
26,Thane,Ulhasnagar,Bajra(Pearl Millet/Cumbu),Other,FAQ,2500,2700,2600,18-Jan-20
27,Thane,Ulhasnagar,Bajra(Pearl Millet/Cumbu),Other,FAQ,2800,3000,2900,17-Jan-20
28,Thane,Ulhasnagar,Bajra(Pearl Millet/Cumbu),Other,FAQ,2500,3000,2750,15-Jan-20
29,Thane,Ulhasnagar,Bajra(Pearl Millet/Cumbu),Other,FAQ,2600,3000,2800,13-Jan-20
30,Thane,Ulhasnagar,Bajra(Pearl Millet/Cumbu),Other,FAQ,2600,3000,2800,12-Jan-20
31,Thane,Ulhasnagar,Bajra(Pearl Millet/Cumbu),Other,FAQ,2600,3000,2800,11-Jan-20
32,Thane,Ulhasnagar,Bajra(Pearl Millet/Cumbu),Other,FAQ,2500,3000,2750,9-Jan-20
33,Thane,Ulhasnagar,Bajra(Pearl Millet/Cumbu),Other,FAQ,2500,3000,2750,8-Jan-20
34,Thane,Ulhasnagar,Bajra(Pearl Millet/Cumbu),Other,FAQ,2500,3000,2750,7-Jan-20
35,Thane,Ulhasnagar,Bajra(Pearl Millet/Cumbu),Other,FAQ,2500,3000,2750,6-Jan-20
36,Thane,Ulhasnagar,Bajra(Pearl Millet/Cumbu),Other,FAQ,2400,2800,2600,4-Jan-20
37,Thane,Ulhasnagar,Bajra(Pearl Millet/Cumbu),Other,FAQ,2500,3000,2750,3-Jan-20
38,Thane,Ulhasnagar,Bajra(Pearl Millet/Cumbu),Other,FAQ,2400,2800,2600,1-Jan-20
39,Thane,Ulhasnagar,Bajra(Pearl Millet/Cumbu),Other,FAQ,2500,2800,2655,31-Dec-19
40,Thane,Ulhasnagar,Bajra(Pearl Millet/Cumbu),Other,FAQ,2400,2800,2600,27-Dec-19
41,Thane,Ulhasnagar,Bajra(Pearl Millet/Cumbu),Other,FAQ,2500,3000,2750,26-Dec-19
42,Thane,Ulhasnagar,Bajra(Pearl Millet/Cumbu),Other,FAQ,2600,3000,2800,24-Dec-19
43,Thane,Ulhasnagar,Bajra(Pearl Millet/Cumbu),Other,FAQ,2500,3000,2750,23-Dec-19
44,Thane,Ulhasnagar,Bajra(Pearl Millet/Cumbu),Other,FAQ,2500,3000,2750,21-Dec-19
45,Thane,Ulhasnagar,Bajra(Pearl Millet/Cumbu),Other,FAQ,2400,2800,2600,16-Dec-19
46,Thane,Ulhasnagar,Bajra(Pearl Millet/Cumbu),Other,FAQ,2500,3000,2750,14-Dec-19
47,Thane,Ulhasnagar,Bajra(Pearl Millet/Cumbu),Other,FAQ,2600,2800,2700,13-Dec-19
48,Thane,Ulhasnagar,Bajra(Pearl Millet/Cumbu),Other,FAQ,2400,2800,2600,12-Dec-19
49,Thane,Ulhasnagar,Bajra(Pearl Millet/Cumbu),Other,FAQ,2400,2800,2600,11-Dec-19
50,Thane,Ulhasnagar,Bajra(Pearl Millet/Cumbu),Other,FAQ,2400,2800,2600,10-Dec-19
51,Thane,Ulhasnagar,Bajra(Pearl Millet/Cumbu),Other,FAQ,2500,2700,2600,9-Dec-19
52,Thane,Ulhasnagar,Bajra(Pearl Millet/Cumbu),Other,FAQ,2500,2710,2605,7-Dec-19
53,Thane,Ulhasnagar,Bajra(Pearl Millet/Cumbu),Other,FAQ,2500,2800,2600,6-Dec-19
54,Thane,Ulhasnagar,Bajra(Pearl Millet/Cumbu),Other,FAQ,2400,2800,2600,5-Dec-19
55,Thane,Ulhasnagar,Bajra(Pearl Millet/Cumbu),Other,FAQ,2400,2800,2600,3-Dec-19
56,Thane,Ulhasnagar,Bajra(Pearl Millet/Cumbu),Other,FAQ,2400,2800,2600,1-Dec-19
57,Thane,Ulhasnagar,Bajra(Pearl Millet/Cumbu),Other,FAQ,2600,2800,2700,28-Nov-19
58,Thane,Ulhasnagar,Bajra(Pearl Millet/Cumbu),Other,FAQ,2400,3000,2700,27-Nov-19
59,Thane,Ulhasnagar,Bajra(Pearl Millet/Cumbu),Other,FAQ,2500,2800,2650,26-Nov-19
60,Thane,Ulhasnagar,Bajra(Pearl Millet/Cumbu),Other,FAQ,2400,2800,2600,25-Nov-19
61,Thane,Ulhasnagar,Bajra(Pearl Millet/Cumbu),Other,FAQ,2400,2800,2600,23-Nov-19
62,Thane,Ulhasnagar,Bajra(Pearl Millet/Cumbu),Other,FAQ,2600,2800,2700,21-Nov-19
63,Thane,Ulhasnagar,Bajra(Pearl Millet/Cumbu),Other,FAQ,2400,2800,2600,20-Nov-19
64,Thane,Ulhasnagar,Bajra(Pearl Millet/Cumbu),Other,FAQ,2600,2800,2700,19-Nov-19
65,Thane,Ulhasnagar,Bajra(Pearl Millet/Cumbu),Other,FAQ,2400,2600,2500,18-Nov-19
66,Thane,Ulhasnagar,Bajra(Pearl Millet/Cumbu),Other,FAQ,2500,2800,2650,16-Nov-19
67,Thane,Ulhasnagar,Bajra(Pearl Millet/Cumbu),Other,FAQ,2400,2800,2600,15-Nov-19
68,Thane,Ulhasnagar,Bajra(Pearl Millet/Cumbu),Other,FAQ,2500,2700,2600,14-Nov-19
69,Thane,Ulhasnagar,Bajra(Pearl Millet/Cumbu),Other,FAQ,2400,2600,2500,11-Nov-19
70,Thane,Ulhasnagar,Bajra(Pearl Millet/Cumbu),Other,FAQ,2400,2800,2600,9-Nov-19
71,Thane,Ulhasnagar,Bajra(Pearl Millet/Cumbu),Other,FAQ,2500,2800,2650,8-Nov-19
72,Thane,Ulhasnagar,Bajra(Pearl Millet/Cumbu),Other,FAQ,2400,2800,2600,7-Nov-19
73,Thane,Ulhasnagar,Bajra(Pearl Millet/Cumbu),Other,FAQ,2400,2600,2500,6-Nov-19
74,Thane,Ulhasnagar,Bajra(Pearl Millet/Cumbu),Other,FAQ,2400,2800,2600,5-Nov-19
75,Thane,Ulhasnagar,Bajra(Pearl Millet/Cumbu),Other,FAQ,2400,2600,2500,4-Nov-19
76,Thane,Ulhasnagar,Bajra(Pearl Millet/Cumbu),Other,FAQ,2500,2700,2600,31-Oct-19
77,Thane,Ulhasnagar,Bajra(Pearl Millet/Cumbu),Other,FAQ,2400,2800,2600,30-Oct-19
78,Thane,Ulhasnagar,Bajra(Pearl Millet/Cumbu),Other,FAQ,2500,2700,2600,26-Oct-19
79,Thane,Ulhasnagar,Bajra(Pearl Millet/Cumbu),Other,FAQ,2400,2800,2600,25-Oct-19
80,Thane,Ulhasnagar,Bajra(Pearl Millet/Cumbu),Other,FAQ,2400,2600,2500,24-Oct-19
81,Thane,Ulhasnagar,Bajra(Pearl Millet/Cumbu),Other,FAQ,2400,2800,2600,23-Oct-19
82,Thane,Ulhasnagar,Bajra(Pearl Millet/Cumbu),Other,FAQ,2400,2600,2500,22-Oct-19
83,Thane,Ulhasnagar,Bajra(Pearl Millet/Cumbu),Other,FAQ,2200,2600,2400,19-Oct-19
84,Thane,Ulhasnagar,Bajra(Pearl Millet/Cumbu),Other,FAQ,2400,2800,2600,18-Oct-19
85,Thane,Ulhasnagar,Bajra(Pearl Millet/Cumbu),Other,FAQ,2200,2600,2400,17-Oct-19
86,Thane,Ulhasnagar,Bajra(Pearl Millet/Cumbu),Other,FAQ,2400,2800,2600,15-Oct-19
87,Thane,Ulhasnagar,Bajra(Pearl Millet/Cumbu),Other,FAQ,2400,2600,2500,14-Oct-19
88,Thane,Ulhasnagar,Bajra(Pearl Millet/Cumbu),Other,FAQ,2400,2600,2500,12-Oct-19
89,Thane,Ulhasnagar,Bajra(Pearl Millet/Cumbu),Other,FAQ,2200,2400,2300,11-Oct-19
90,Thane,Ulhasnagar,Bajra(Pearl Millet/Cumbu),Other,FAQ,2400,2800,2600,10-Oct-19
91,Thane,Ulhasnagar,Bajra(Pearl Millet/Cumbu),Other,FAQ,2200,2600,2400,7-Oct-19
92,Thane,Ulhasnagar,Bajra(Pearl Millet/Cumbu),Other,FAQ,2200,2600,2400,5-Oct-19
93,Thane,Ulhasnagar,Bajra(Pearl Millet/Cumbu),Other,FAQ,2200,2400,2300,3-Oct-19
94,Thane,Ulhasnagar,Bajra(Pearl Millet/Cumbu),Other,FAQ,2300,2600,2450,1-Oct-19
95,Thane,Ulhasnagar,Bajra(Pearl Millet/Cumbu),Other,FAQ,2400,2600,2500,30-Sep-19
96,Thane,Ulhasnagar,Bajra(Pearl Millet/Cumbu),Other,FAQ,2300,2600,2450,28-Sep-19
97,Thane,Ulhasnagar,Bajra(Pearl Millet/Cumbu),Other,FAQ,2700,2900,2800,27-Sep-19
98,Thane,Ulhasnagar,Bajra(Pearl Millet/Cumbu),Other,FAQ,2400,2600,2500,26-Sep-19
99,Thane,Ulhasnagar,Bajra(Pearl Millet/Cumbu),Other,FAQ,2400,2600,2500,25-Sep-19
100,Thane,Ulhasnagar,Bajra(Pearl Millet/Cumbu),Other,FAQ,2300,2500,2400,24-Sep-19
101,Thane,Ulhasnagar,Bajra(Pearl Millet/Cumbu),Other,FAQ,2200,2600,2400,23-Sep-19
102,Thane,Ulhasnagar,Bajra(Pearl Millet/Cumbu),Other,FAQ,2400,2600,2500,21-Sep-19
103,Thane,Ulhasnagar,Bajra(Pearl Millet/Cumbu),Other,FAQ,2300,2600,2450,20-Sep-19
104,Thane,Ulhasnagar,Bajra(Pearl Millet/Cumbu),Other,FAQ,2200,2600,2400,18-Sep-19
105,Thane,Ulhasnagar,Bajra(Pearl Millet/Cumbu),Other,FAQ,2200,2600,2400,16-Sep-19
106,Thane,Ulhasnagar,Bajra(Pearl Millet/Cumbu),Other,FAQ,2200,2600,2400,13-Sep-19
107,Thane,Ulhasnagar,Bajra(Pearl Millet/Cumbu),Other,FAQ,2200,2600,2400,11-Sep-19
108,Thane,Ulhasnagar,Bajra(Pearl Millet/Cumbu),Other,FAQ,2300,2600,2400,6-Sep-19
109,Thane,Ulhasnagar,Bajra(Pearl Millet/Cumbu),Other,FAQ,2200,2600,2400,5-Sep-19
110,Thane,Ulhasnagar,Bajra(Pearl Millet/Cumbu),Other,FAQ,2300,2500,2400,31-Aug-19
111,Thane,Ulhasnagar,Bajra(Pearl Millet/Cumbu),Other,FAQ,2200,2400,2300,30-Aug-19
112,Thane,Ulhasnagar,Bajra(Pearl Millet/Cumbu),Other,FAQ,2500,2900,2700,29-Aug-19
113,Thane,Ulhasnagar,Bajra(Pearl Millet/Cumbu),Other,FAQ,2400,2600,2500,28-Aug-19
114,Thane,Ulhasnagar,Bajra(Pearl Millet/Cumbu),Other,FAQ,2400,2800,2600,27-Aug-19
115,Thane,Ulhasnagar,Bajra(Pearl Millet/Cumbu),Other,FAQ,2200,2600,2400,26-Aug-19
116,Thane,Ulhasnagar,Bajra(Pearl Millet/Cumbu),Other,FAQ,2500,2700,2600,24-Aug-19
117,Thane,Ulhasnagar,Bajra(Pearl Millet/Cumbu),Other,FAQ,2200,2600,2400,23-Aug-19
118,Thane,Ulhasnagar,Bajra(Pearl Millet/Cumbu),Other,FAQ,2200,2600,2400,22-Aug-19
119,Thane,Ulhasnagar,Bajra(Pearl Millet/Cumbu),Other,FAQ,2400,2600,2500,21-Aug-19
120,Thane,Ulhasnagar,Bajra(Pearl Millet/Cumbu),Other,FAQ,2200,2600,2400,20-Aug-19
121,Thane,Ulhasnagar,Bajra(Pearl Millet/Cumbu),Other,FAQ,2400,2600,2400,19-Aug-19
122,Thane,Ulhasnagar,Bajra(Pearl Millet/Cumbu),Other,FAQ,2200,2600,2400,16-Aug-19
123,Thane,Ulhasnagar,Bajra(Pearl Millet/Cumbu),Other,FAQ,2200,2600,2400,14-Aug-19
124,Thane,Ulhasnagar,Bajra(Pearl Millet/Cumbu),Other,FAQ,2200,2600,2400,10-Aug-19
125,Thane,Ulhasnagar,Bajra(Pearl Millet/Cumbu),Other,FAQ,2200,2600,2400,9-Aug-19
126,Thane,Ulhasnagar,Bajra(Pearl Millet/Cumbu),Other,FAQ,2200,2600,2400,8-Aug-19
127,Thane,Ulhasnagar,Bajra(Pearl Millet/Cumbu),Other,FAQ,2200,2600,2400,7-Aug-19
128,Thane,Ulhasnagar,Bajra(Pearl Millet/Cumbu),Other,FAQ,2200,2400,2300,6-Aug-19
129,Thane,Ulhasnagar,Bajra(Pearl Millet/Cumbu),Other,FAQ,2600,2800,2700,5-Aug-19
130,Thane,Ulhasnagar,Bajra(Pearl Millet/Cumbu),Other,FAQ,2200,2400,2300,3-Aug-19
131,Thane,Ulhasnagar,Bajra(Pearl Millet/Cumbu),Other,FAQ,2100,2300,2200,2-Aug-19
132,Thane,Ulhasnagar,Bajra(Pearl Millet/Cumbu),Other,FAQ,2200,2600,2400,29-Jul-19
133,Thane,Ulhasnagar,Bajra(Pearl Millet/Cumbu),Other,FAQ,2000,2200,2100,27-Jul-19
134,Thane,Ulhasnagar,Bajra(Pearl Millet/Cumbu),Other,FAQ,2000,2400,2200,26-Jul-19
135,Thane,Ulhasnagar,Bajra(Pearl Millet/Cumbu),Other,FAQ,2200,2400,2300,24-Jul-19
136,Thane,Ulhasnagar,Bajra(Pearl Millet/Cumbu),Other,FAQ,2200,2600,2400,22-Jul-19
137,Thane,Ulhasnagar,Bajra(Pearl Millet/Cumbu),Other,FAQ,2000,2400,2200,20-Jul-19
138,Thane,Ulhasnagar,Bajra(Pearl Millet/Cumbu),Other,FAQ,2200,2500,2350,19-Jul-19
139,Thane,Ulhasnagar,Bajra(Pearl Millet/Cumbu),Other,FAQ,2000,2400,2200,18-Jul-19
140,Thane,Ulhasnagar,Bajra(Pearl Millet/Cumbu),Other,FAQ,2200,2400,2300,17-Jul-19
141,Thane,Ulhasnagar,Bajra(Pearl Millet/Cumbu),Other,FAQ,2200,2600,2400,16-Jul-19
142,Thane,Ulhasnagar,Bajra(Pearl Millet/Cumbu),Other,FAQ,2200,2600,2400,15-Jul-19
143,Thane,Ulhasnagar,Bajra(Pearl Millet/Cumbu),Other,FAQ,2600,2800,2700,12-Jul-19
144,Thane,Ulhasnagar,Bajra(Pearl Millet/Cumbu),Other,FAQ,2300,2600,2450,11-Jul-19
145,Thane,Ulhasnagar,Bajra(Pearl Millet/Cumbu),Other,FAQ,2200,2400,2300,9-Jul-19
146,Thane,Ulhasnagar,Bajra(Pearl Millet/Cumbu),Other,FAQ,2200,2400,2300,8-Jul-19
147,Thane,Ulhasnagar,Bajra(Pearl Millet/Cumbu),Other,FAQ,2100,2300,2200,6-Jul-19
148,Thane,Ulhasnagar,Bajra(Pearl Millet/Cumbu),Other,FAQ,2000,2400,2200,4-Jul-19
149,Thane,Ulhasnagar,Bajra(Pearl Millet/Cumbu),Other,FAQ,2000,2400,2200,3-Jul-19
150,Thane,Ulhasnagar,Bajra(Pearl Millet/Cumbu),Other,FAQ,2200,2400,2300,27-Jun-19
151,Thane,Ulhasnagar,Bajra(Pearl Millet/Cumbu),Other,FAQ,2200,2400,2300,26-Jun-19
152,Thane,Ulhasnagar,Bajra(Pearl Millet/Cumbu),Other,FAQ,2100,2300,2200,25-Jun-19
153,Thane,Ulhasnagar,Bajra(Pearl Millet/Cumbu),Other,FAQ,2100,2300,2200,24-Jun-19
154,Thane,Ulhasnagar,Bajra(Pearl Millet/Cumbu),Other,FAQ,2220,2450,2310,22-Jun-19
155,Thane,Ulhasnagar,Bajra(Pearl Millet/Cumbu),Other,FAQ,2000,2400,2200,21-Jun-19
156,Thane,Ulhasnagar,Bajra(Pearl Millet/Cumbu),Other,FAQ,2200,2400,2300,19-Jun-19
157,Thane,Ulhasnagar,Bajra(Pearl Millet/Cumbu),Other,FAQ,2200,2400,2300,18-Jun-19
158,Thane,Ulhasnagar,Bajra(Pearl Millet/Cumbu),Other,FAQ,2200,2400,2300,17-Jun-19
159,Thane,Ulhasnagar,Bajra(Pearl Millet/Cumbu),Other,FAQ,2100,2300,2200,15-Jun-19
160,Thane,Ulhasnagar,Bajra(Pearl Millet/Cumbu),Other,FAQ,2200,2400,2300,14-Jun-19
161,Thane,Ulhasnagar,Bajra(Pearl Millet/Cumbu),Other,FAQ,2200,2400,2300,12-Jun-19
162,Thane,Ulhasnagar,Bajra(Pearl Millet/Cumbu),Other,FAQ,2000,2400,2200,11-Jun-19
163,Thane,Ulhasnagar,Bajra(Pearl Millet/Cumbu),Other,FAQ,2000,22002,2100,10-Jun-19
164,Thane,Ulhasnagar,Bajra(Pearl Millet/Cumbu),Other,FAQ,2200,2400,2300,8-Jun-19
165,Thane,Ulhasnagar,Bajra(Pearl Millet/Cumbu),Other,FAQ,2000,2300,2150,6-Jun-19
166,Thane,Ulhasnagar,Bajra(Pearl Millet/Cumbu),Other,FAQ,2000,2200,2100,4-Jun-19
167,Thane,Ulhasnagar,Bajra(Pearl Millet/Cumbu),Other,FAQ,2200,2400,2200,3-Jun-19
168,Thane,Ulhasnagar,Bajra(Pearl Millet/Cumbu),Other,FAQ,2000,2200,2100,1-Jun-19
169,Thane,Ulhasnagar,Bajra(Pearl Millet/Cumbu),Other,FAQ,2100,2300,2200,31-May-19
170,Thane,Ulhasnagar,Bajra(Pearl Millet/Cumbu),Other,FAQ,2100,2300,2200,29-May-19
171,Thane,Ulhasnagar,Bajra(Pearl Millet/Cumbu),Other,FAQ,2200,2400,2300,27-May-19
172,Thane,Ulhasnagar,Bajra(Pearl Millet/Cumbu),Other,FAQ,2100,2300,2200,25-May-19
173,Thane,Ulhasnagar,Bajra(Pearl Millet/Cumbu),Other,FAQ,2000,2400,2200,23-May-19
174,Thane,Ulhasnagar,Bajra(Pearl Millet/Cumbu),Other,FAQ,2100,2300,2200,22-May-19
175,Thane,Ulhasnagar,Bajra(Pearl Millet/Cumbu),Other,FAQ,2100,2300,2200,21-May-19
176,Thane,Ulhasnagar,Bajra(Pearl Millet/Cumbu),Other,FAQ,2000,2200,2100,15-May-19
177,Thane,Ulhasnagar,Bajra(Pearl Millet/Cumbu),Other,FAQ,2000,2200,2100,10-May-19
178,Thane,Ulhasnagar,Bajra(Pearl Millet/Cumbu),Other,FAQ,2000,2300,2150,9-May-19
179,Thane,Ulhasnagar,Bajra(Pearl Millet/Cumbu),Other,FAQ,2100,2300,2200,8-May-19
180,Thane,Ulhasnagar,Bajra(Pearl Millet/Cumbu),Other,FAQ,2000,2400,2200,7-May-19
181,Thane,Ulhasnagar,Bajra(Pearl Millet/Cumbu),Other,FAQ,2000,2200,2100,6-May-19
182,Thane,Ulhasnagar,Bajra(Pearl Millet/Cumbu),Other,FAQ,2000,2300,2150,3-May-19
183,Thane,Ulhasnagar,Bajra(Pearl Millet/Cumbu),Other,FAQ,2000,2500,2250,2-May-19
184,Thane,Ulhasnagar,Bajra(Pearl Millet/Cumbu),Other,FAQ,2000,2200,2100,26-Apr-19
185,Thane,Ulhasnagar,Bajra(Pearl Millet/Cumbu),Other,FAQ,2000,2300,2150,25-Apr-19
186,Thane,Ulhasnagar,Bajra(Pearl Millet/Cumbu),Other,FAQ,2500,2700,2600,22-Apr-19
187,Thane,Ulhasnagar,Bajra(Pearl Millet/Cumbu),Other,FAQ,2000,2200,2100,20-Apr-19
188,Thane,Ulhasnagar,Bajra(Pearl Millet/Cumbu),Other,FAQ,2000,2200,2100,18-Apr-19
189,Thane,Ulhasnagar,Bajra(Pearl Millet/Cumbu),Other,FAQ,2000,2400,2200,16-Apr-19
190,Thane,Ulhasnagar,Bajra(Pearl Millet/Cumbu),Other,FAQ,2000,2220,2100,15-Apr-19
191,Thane,Ulhasnagar,Bajra(Pearl Millet/Cumbu),Other,FAQ,2000,2200,2100,13-Apr-19
192,Thane,Ulhasnagar,Bajra(Pearl Millet/Cumbu),Other,FAQ,2000,2200,2100,12-Apr-19
193,Thane,Ulhasnagar,Bajra(Pearl Millet/Cumbu),Other,FAQ,2000,2200,2100,8-Apr-19
194,Thane,Ulhasnagar,Bajra(Pearl Millet/Cumbu),Other,FAQ,2000,2200,2100,5-Apr-19
195,Thane,Ulhasnagar,Bajra(Pearl Millet/Cumbu),Other,FAQ,2000,2200,2100,4-Apr-19
196,Thane,Ulhasnagar,Bajra(Pearl Millet/Cumbu),Other,FAQ,2200,2400,2300,2-Apr-19
197,Thane,Ulhasnagar,Bajra(Pearl Millet/Cumbu),Other,FAQ,2000,2200,2100,30-Mar-19
198,Thane,Ulhasnagar,Bajra(Pearl Millet/Cumbu),Other,FAQ,2000,2200,2100,28-Mar-19
199,Thane,Ulhasnagar,Bajra(Pearl Millet/Cumbu),Other,FAQ,2000,2400,2200,27-Mar-19
200,Thane,Ulhasnagar,Bajra(Pearl Millet/Cumbu),Other,FAQ,2000,2200,2100,26-Mar-19
201,Thane,Ulhasnagar,Bajra(Pearl Millet/Cumbu),Other,FAQ,2000,2200,2100,20-Mar-19
202,Thane,Ulhasnagar,Bajra(Pearl Millet/Cumbu),Other,FAQ,2000,2200,2100,19-Mar-19
203,Thane,Ulhasnagar,Bajra(Pearl Millet/Cumbu),Other,FAQ,2000,2200,2100,18-Mar-19
204,Thane,Ulhasnagar,Bajra(Pearl Millet/Cumbu),Other,FAQ,2000,2200,2100,16-Mar-19
205,Thane,Ulhasnagar,Bajra(Pearl Millet/Cumbu),Other,FAQ,2000,2200,2100,15-Mar-19
206,Thane,Ulhasnagar,Bajra(Pearl Millet/Cumbu),Other,FAQ,2000,2200,2100,14-Mar-19
207,Thane,Ulhasnagar,Bajra(Pearl Millet/Cumbu),Other,FAQ,2000,2300,2150,13-Mar-19
208,Thane,Ulhasnagar,Bajra(Pearl Millet/Cumbu),Other,FAQ,2000,2200,2100,12-Mar-19
209,Thane,Ulhasnagar,Bajra(Pearl Millet/Cumbu),Other,FAQ,2000,2200,2100,11-Mar-19
210,Thane,Ulhasnagar,Bajra(Pearl Millet/Cumbu),Other,FAQ,2000,2200,2100,9-Mar-19
211,Thane,Ulhasnagar,Bajra(Pearl Millet/Cumbu),Other,FAQ,2000,2200,2100,8-Mar-19
212,Thane,Ulhasnagar,Bajra(Pearl Millet/Cumbu),Other,FAQ,2000,2300,2150,7-Mar-19
213,Thane,Ulhasnagar,Bajra(Pearl Millet/Cumbu),Other,FAQ,2000,2200,2100,5-Mar-19
214,Thane,Ulhasnagar,Bajra(Pearl Millet/Cumbu),Other,FAQ,2000,2200,2100,2-Mar-19
215,Thane,Ulhasnagar,Bajra(Pearl Millet/Cumbu),Other,FAQ,2000,2300,2145,1-Mar-19
216,Thane,Ulhasnagar,Bajra(Pearl Millet/Cumbu),Other,FAQ,2000,2200,2100,27-Feb-19
217,Thane,Ulhasnagar,Bajra(Pearl Millet/Cumbu),Other,FAQ,2000,2200,2100,26-Feb-19
218,Thane,Ulhasnagar,Bajra(Pearl Millet/Cumbu),Other,FAQ,2000,2200,2100,25-Feb-19
219,Thane,Ulhasnagar,Bajra(Pearl Millet/Cumbu),Other,FAQ,2000,2200,2100,22-Feb-19
220,Thane,Ulhasnagar,Bajra(Pearl Millet/Cumbu),Other,FAQ,2000,2300,2150,21-Feb-19
221,Thane,Ulhasnagar,Bajra(Pearl Millet/Cumbu),Other,FAQ,2000,2300,2150,20-Feb-19
222,Thane,Ulhasnagar,Bajra(Pearl Millet/Cumbu),Other,FAQ,2500,2700,2600,18-Feb-19
223,Thane,Ulhasnagar,Bajra(Pearl Millet/Cumbu),Other,FAQ,2000,2200,2100,16-Feb-19
224,Thane,Ulhasnagar,Bajra(Pearl Millet/Cumbu),Other,FAQ,2000,2200,2100,15-Feb-19
225,Thane,Ulhasnagar,Bajra(Pearl Millet/Cumbu),Other,FAQ,2000,2200,2100,14-Feb-19
226,Thane,Ulhasnagar,Bajra(Pearl Millet/Cumbu),Other,FAQ,2000,2200,2100,13-Feb-19
227,Thane,Ulhasnagar,Bajra(Pearl Millet/Cumbu),Other,FAQ,2000,2300,2150,12-Feb-19
228,Thane,Ulhasnagar,Bajra(Pearl Millet/Cumbu),Other,FAQ,2000,2400,2200,11-Feb-19
229,Thane,Ulhasnagar,Bajra(Pearl Millet/Cumbu),Other,FAQ,2000,2300,2115,9-Feb-19
230,Thane,Ulhasnagar,Bajra(Pearl Millet/Cumbu),Other,FAQ,2000,2200,2100,7-Feb-19
231,Thane,Ulhasnagar,Bajra(Pearl Millet/Cumbu),Other,FAQ,2100,2300,2200,6-Feb-19
232,Thane,Ulhasnagar,Bajra(Pearl Millet/Cumbu),Other,FAQ,2000,2200,2100,5-Feb-19
233,Thane,Ulhasnagar,Bajra(Pearl Millet/Cumbu),Other,FAQ,2000,2300,2150,4-Feb-19
234,Thane,Ulhasnagar,Bajra(Pearl Millet/Cumbu),Other,FAQ,2000,2200,2100,2-Feb-19
235,Thane,Ulhasnagar,Bajra(Pearl Millet/Cumbu),Other,FAQ,2000,2200,2100,1-Feb-19
236,Thane,Ulhasnagar,Bajra(Pearl Millet/Cumbu),Other,FAQ,2000,2200,2100,31-Jan-19
237,Thane,Ulhasnagar,Bajra(Pearl Millet/Cumbu),Other,FAQ,2100,2400,2250,30-Jan-19
238,Thane,Ulhasnagar,Bajra(Pearl Millet/Cumbu),Other,FAQ,2000,2300,2150,28-Jan-19
239,Thane,Ulhasnagar,Bajra(Pearl Millet/Cumbu),Other,FAQ,2000,2200,2100,23-Jan-19
240,Thane,Ulhasnagar,Bajra(Pearl Millet/Cumbu),Other,FAQ,2000,2200,2100,22-Jan-19
241,Thane,Ulhasnagar,Bajra(Pearl Millet/Cumbu),Other,FAQ,2000,2230,2150,21-Jan-19
242,Thane,Ulhasnagar,Bajra(Pearl Millet/Cumbu),Other,FAQ,2000,2400,2200,19-Jan-19
243,Thane,Ulhasnagar,Bajra(Pearl Millet/Cumbu),Other,FAQ,2000,2200,2100,18-Jan-19
244,Thane,Ulhasnagar,Bajra(Pearl Millet/Cumbu),Other,FAQ,2000,2300,2150,17-Jan-19
245,Thane,Ulhasnagar,Bajra(Pearl Millet/Cumbu),Other,FAQ,2000,2200,2100,15-Jan-19
246,Thane,Ulhasnagar,Bajra(Pearl Millet/Cumbu),Other,FAQ,2000,2200,2100,14-Jan-19
247,Thane,Ulhasnagar,Bajra(Pearl Millet/Cumbu),Other,FAQ,2000,2330,2150,10-Jan-19
248,Thane,Ulhasnagar,Bajra(Pearl Millet/Cumbu),Other,FAQ,2000,2200,2100,9-Jan-19
249,Thane,Ulhasnagar,Bajra(Pearl Millet/Cumbu),Other,FAQ,2000,2400,2200,8-Jan-19
250,Thane,Ulhasnagar,Bajra(Pearl Millet/Cumbu),Other,FAQ,2000,2300,2150,7-Jan-19
251,Thane,Ulhasnagar,Bajra(Pearl Millet/Cumbu),Other,FAQ,2000,2300,2150,4-Jan-19
252,Thane,Ulhasnagar,Bajra(Pearl Millet/Cumbu),Other,FAQ,2000,2200,2100,3-Jan-19
253,Thane,Ulhasnagar,Bajra(Pearl Millet/Cumbu),Other,FAQ,2000,2200,2100,2-Jan-19
254,Thane,Ulhasnagar,Bajra(Pearl Millet/Cumbu),Other,FAQ,2000,2300,2150,1-Jan-19
255,Thane,Ulhasnagar,Bajra(Pearl Millet/Cumbu),Other,FAQ,2000,2220,2100,31-Dec-18
256,Thane,Ulhasnagar,Bajra(Pearl Millet/Cumbu),Other,FAQ,2000,2200,2100,29-Dec-18
257,Thane,Ulhasnagar,Bajra(Pearl Millet/Cumbu),Other,FAQ,2000,2200,2100,27-Dec-18
258,Thane,Ulhasnagar,Bajra(Pearl Millet/Cumbu),Other,FAQ,2000,2300,2150,26-Dec-18
259,Thane,Ulhasnagar,Bajra(Pearl Millet/Cumbu),Other,FAQ,2000,2220,2100,24-Dec-18
260,Thane,Ulhasnagar,Bajra(Pearl Millet/Cumbu),Other,FAQ,2000,2200,2100,22-Dec-18
261,Thane,Ulhasnagar,Bajra(Pearl Millet/Cumbu),Other,FAQ,2000,2200,2100,21-Dec-18
262,Thane,Ulhasnagar,Bajra(Pearl Millet/Cumbu),Other,FAQ,2000,2300,2150,20-Dec-18
263,Thane,Ulhasnagar,Bajra(Pearl Millet/Cumbu),Other,FAQ,2000,2300,2150,18-Dec-18
264,Thane,Ulhasnagar,Bajra(Pearl Millet/Cumbu),Other,FAQ,2100,2300,2200,17-Dec-18
265,Thane,Ulhasnagar,Bajra(Pearl Millet/Cumbu),Other,FAQ,2000,2200,2110,14-Dec-18
266,Thane,Ulhasnagar,Bajra(Pearl Millet/Cumbu),Other,FAQ,2000,2300,2150,12-Dec-18
267,Thane,Ulhasnagar,Bajra(Pearl Millet/Cumbu),Other,FAQ,2000,2200,2100,11-Dec-18
268,Thane,Ulhasnagar,Bajra(Pearl Millet/Cumbu),Other,FAQ,2000,2200,2100,10-Dec-18
269,Thane,Ulhasnagar,Bajra(Pearl Millet/Cumbu),Other,FAQ,2000,2200,2100,8-Dec-18
270,Thane,Ulhasnagar,Bajra(Pearl Millet/Cumbu),Other,FAQ,2000,2220,2100,7-Dec-18
271,Thane,Ulhasnagar,Bajra(Pearl Millet/Cumbu),Other,FAQ,2000,2200,2100,6-Dec-18
272,Thane,Ulhasnagar,Bajra(Pearl Millet/Cumbu),Other,FAQ,2000,2200,2100,4-Dec-18
273,Thane,Ulhasnagar,Bajra(Pearl Millet/Cumbu),Other,FAQ,2000,2400,2200,3-Dec-18
274,Thane,Ulhasnagar,Bajra(Pearl Millet/Cumbu),Other,FAQ,2000,2200,2100,1-Dec-18
275,Thane,Ulhasnagar,Bajra(Pearl Millet/Cumbu),Other,FAQ,2000,2400,2200,30-Nov-18
276,Thane,Ulhasnagar,Bajra(Pearl Millet/Cumbu),Other,FAQ,2000,2300,2150,29-Nov-18
277,Thane,Ulhasnagar,Bajra(Pearl Millet/Cumbu),Other,FAQ,2000,2400,2200,26-Nov-18
278,Thane,Ulhasnagar,Bajra(Pearl Millet/Cumbu),Other,FAQ,2100,2300,2200,24-Nov-18
279,Thane,Ulhasnagar,Bajra(Pearl Millet/Cumbu),Other,FAQ,2000,5000,2250,22-Nov-18
280,Thane,Ulhasnagar,Bajra(Pearl Millet/Cumbu),Other,FAQ,2000,2500,2250,21-Nov-18
281,Thane,Ulhasnagar,Bajra(Pearl Millet/Cumbu),Other,FAQ,2200,2400,2300,19-Nov-18
282,Thane,Ulhasnagar,Bajra(Pearl Millet/Cumbu),Other,FAQ,2000,2400,2200,17-Nov-18
283,Thane,Ulhasnagar,Bajra(Pearl Millet/Cumbu),Other,FAQ,2000,2400,2200,16-Nov-18
284,Thane,Ulhasnagar,Bajra(Pearl Millet/Cumbu),Other,FAQ,2100,2400,2250,15-Nov-18
285,Thane,Ulhasnagar,Bajra(Pearl Millet/Cumbu),Other,FAQ,2000,2400,2200,14-Nov-18
286,Thane,Ulhasnagar,Bajra(Pearl Millet/Cumbu),Other,FAQ,2000,2500,2250,13-Nov-18
287,Thane,Ulhasnagar,Bajra(Pearl Millet/Cumbu),Other,FAQ,2000,2300,2150,10-Nov-18
288,Thane,Ulhasnagar,Bajra(Pearl Millet/Cumbu),Other,FAQ,2000,2400,2200,9-Nov-18
289,Thane,Ulhasnagar,Bajra(Pearl Millet/Cumbu),Other,FAQ,2000,2500,2350,6-Nov-18
290,Thane,Ulhasnagar,Bajra(Pearl Millet/Cumbu),Other,FAQ,2000,2300,2150,5-Nov-18
291,Thane,Ulhasnagar,Bajra(Pearl Millet/Cumbu),Other,FAQ,2000,2300,2200,1-Nov-18
292,Thane,Ulhasnagar,Bajra(Pearl Millet/Cumbu),Other,FAQ,2000,2400,2200,31-Oct-18
293,Thane,Ulhasnagar,Bajra(Pearl Millet/Cumbu),Other,FAQ,2000,2500,2250,29-Oct-18
294,Thane,Ulhasnagar,Bajra(Pearl Millet/Cumbu),Other,FAQ,2000,2600,2300,27-Oct-18
295,Thane,Ulhasnagar,Bajra(Pearl Millet/Cumbu),Other,FAQ,2000,2400,2200,26-Oct-18
296,Thane,Ulhasnagar,Bajra(Pearl Millet/Cumbu),Other,FAQ,2000,2400,2200,25-Oct-18
297,Thane,Ulhasnagar,Bajra(Pearl Millet/Cumbu),Other,FAQ,2000,2400,2200,23-Oct-18
298,Thane,Ulhasnagar,Bajra(Pearl Millet/Cumbu),Other,FAQ,2000,2400,2200,22-Oct-18
299,Thane,Ulhasnagar,Bajra(Pearl Millet/Cumbu),Other,FAQ,2000,2400,2200,20-Oct-18
300,Thane,Ulhasnagar,Bajra(Pearl Millet/Cumbu),Other,FAQ,2000,2500,2250,19-Oct-18
301,Thane,Ulhasnagar,Bajra(Pearl Millet/Cumbu),Other,FAQ,2000,2400,2200,17-Oct-18
302,Thane,Ulhasnagar,Bajra(Pearl Millet/Cumbu),Other,FAQ,2000,2200,2110,16-Oct-18
303,Thane,Ulhasnagar,Bajra(Pearl Millet/Cumbu),Other,FAQ,2000,2400,2200,15-Oct-18
304,Thane,Ulhasnagar,Bajra(Pearl Millet/Cumbu),Other,FAQ,2000,2500,2350,13-Oct-18
305,Thane,Ulhasnagar,Bajra(Pearl Millet/Cumbu),Other,FAQ,2000,2400,2200,12-Oct-18
306,Thane,Ulhasnagar,Bajra(Pearl Millet/Cumbu),Other,FAQ,2000,2300,2140,11-Oct-18
307,Thane,Ulhasnagar,Bajra(Pearl Millet/Cumbu),Other,FAQ,2000,2400,2200,9-Oct-18
308,Thane,Ulhasnagar,Bajra(Pearl Millet/Cumbu),Other,FAQ,2000,2400,2200,8-Oct-18
309,Thane,Ulhasnagar,Bajra(Pearl Millet/Cumbu),Other,FAQ,2000,2400,2200,5-Oct-18
310,Thane,Ulhasnagar,Bajra(Pearl Millet/Cumbu),Other,FAQ,2000,2200,2100,4-Oct-18
311,Thane,Ulhasnagar,Bajra(Pearl Millet/Cumbu),Other,FAQ,2000,2200,2100,3-Oct-18
312,Thane,Ulhasnagar,Bajra(Pearl Millet/Cumbu),Other,FAQ,2000,2200,2100,1-Oct-18
313,Thane,Ulhasnagar,Bajra(Pearl Millet/Cumbu),Other,FAQ,2000,2200,2100,29-Sep-18
314,Thane,Ulhasnagar,Bajra(Pearl Millet/Cumbu),Other,FAQ,2000,2200,2100,28-Sep-18
315,Thane,Ulhasnagar,Bajra(Pearl Millet/Cumbu),Other,FAQ,2000,2200,2100,27-Sep-18
316,Thane,Ulhasnagar,Bajra(Pearl Millet/Cumbu),Other,FAQ,2000,2200,2100,26-Sep-18
317,Thane,Ulhasnagar,Bajra(Pearl Millet/Cumbu),Other,FAQ,2000,2400,2200,25-Sep-18
318,Thane,Ulhasnagar,Bajra(Pearl Millet/Cumbu),Other,FAQ,2000,2400,2200,24-Sep-18
319,Thane,Ulhasnagar,Bajra(Pearl Millet/Cumbu),Other,FAQ,2000,2400,2200,22-Sep-18
320,Thane,Ulhasnagar,Bajra(Pearl Millet/Cumbu),Other,FAQ,2000,2200,2100,21-Sep-18
321,Thane,Ulhasnagar,Bajra(Pearl Millet/Cumbu),Other,FAQ,2000,2400,2200,19-Sep-18
322,Thane,Ulhasnagar,Bajra(Pearl Millet/Cumbu),Other,FAQ,2000,2200,2100,18-Sep-18
323,Thane,Ulhasnagar,Bajra(Pearl Millet/Cumbu),Other,FAQ,2000,2200,2100,16-Sep-18
324,Thane,Ulhasnagar,Bajra(Pearl Millet/Cumbu),Other,FAQ,2000,2400,2200,15-Sep-18
325,Thane,Ulhasnagar,Bajra(Pearl Millet/Cumbu),Other,FAQ,2100,2500,2300,14-Sep-18
326,Thane,Ulhasnagar,Bajra(Pearl Millet/Cumbu),Other,FAQ,2100,2400,2350,12-Sep-18
327,Thane,Ulhasnagar,Bajra(Pearl Millet/Cumbu),Other,FAQ,2000,2400,2200,11-Sep-18
328,Thane,Ulhasnagar,Bajra(Pearl Millet/Cumbu),Other,FAQ,2000,2300,2150,10-Sep-18
329,Thane,Ulhasnagar,Bajra(Pearl Millet/Cumbu),Other,FAQ,2000,2200,2100,8-Sep-18
330,Thane,Ulhasnagar,Bajra(Pearl Millet/Cumbu),Other,FAQ,2000,2200,2100,7-Sep-18
331,Thane,Ulhasnagar,Bajra(Pearl Millet/Cumbu),Other,FAQ,2000,2200,2100,6-Sep-18
332,Thane,Ulhasnagar,Bajra(Pearl Millet/Cumbu),Other,FAQ,1980,2100,2000,5-Sep-18
333,Thane,Ulhasnagar,Bajra(Pearl Millet/Cumbu),Other,FAQ,2000,2100,2050,4-Sep-18
334,Thane,Ulhasnagar,Bajra(Pearl Millet/Cumbu),Other,FAQ,1700,2000,1800,3-Sep-18
335,Thane,Ulhasnagar,Bajra(Pearl Millet/Cumbu),Other,FAQ,1700,2000,1850,1-Sep-18
336,Thane,Ulhasnagar,Bajra(Pearl Millet/Cumbu),Other,FAQ,1750,2050,1900,31-Aug-18
337,Thane,Ulhasnagar,Bajra(Pearl Millet/Cumbu),Other,FAQ,1700,2000,1850,30-Aug-18
338,Thane,Ulhasnagar,Bajra(Pearl Millet/Cumbu),Other,FAQ,1700,2000,1850,29-Aug-18
339,Thane,Ulhasnagar,Bajra(Pearl Millet/Cumbu),Other,FAQ,1700,2000,1850,28-Aug-18
340,Thane,Ulhasnagar,Bajra(Pearl Millet/Cumbu),Other,FAQ,1700,2000,1850,27-Aug-18
341,Thane,Ulhasnagar,Bajra(Pearl Millet/Cumbu),Other,FAQ,1700,2000,1850,24-Aug-18
342,Thane,Ulhasnagar,Bajra(Pearl Millet/Cumbu),Other,FAQ,1700,2000,1850,23-Aug-18
343,Thane,Ulhasnagar,Bajra(Pearl Millet/Cumbu),Other,FAQ,1740,2000,1850,21-Aug-18
344,Thane,Ulhasnagar,Bajra(Pearl Millet/Cumbu),Other,FAQ,1700,2000,1850,20-Aug-18
345,Thane,Ulhasnagar,Bajra(Pearl Millet/Cumbu),Other,FAQ,1700,2000,1850,18-Aug-18
346,Thane,Ulhasnagar,Bajra(Pearl Millet/Cumbu),Other,FAQ,1700,2000,1900,17-Aug-18
347,Thane,Ulhasnagar,Bajra(Pearl Millet/Cumbu),Other,FAQ,1700,2000,1800,16-Aug-18
348,Thane,Ulhasnagar,Bajra(Pearl Millet/Cumbu),Other,FAQ,1700,2000,1850,14-Aug-18
349,Thane,Ulhasnagar,Bajra(Pearl Millet/Cumbu),Other,FAQ,1750,2050,1900,13-Aug-18
350,Thane,Ulhasnagar,Bajra(Pearl Millet/Cumbu),Other,FAQ,1700,2000,1800,12-Aug-18
351,Thane,Ulhasnagar,Bajra(Pearl Millet/Cumbu),Other,FAQ,1700,2000,1850,11-Aug-18
352,Thane,Ulhasnagar,Bajra(Pearl Millet/Cumbu),Other,FAQ,1700,2000,1850,9-Aug-18
353,Thane,Ulhasnagar,Bajra(Pearl Millet/Cumbu),Other,FAQ,1700,2000,1850,8-Aug-18
354,Thane,Ulhasnagar,Bajra(Pearl Millet/Cumbu),Other,FAQ,1700,2000,1850,7-Aug-18
355,Thane,Ulhasnagar,Bajra(Pearl Millet/Cumbu),Other,FAQ,1700,2000,1850,6-Aug-18
356,Thane,Ulhasnagar,Bajra(Pearl Millet/Cumbu),Other,FAQ,1700,1900,1800,5-Aug-18
357,Thane,Ulhasnagar,Bajra(Pearl Millet/Cumbu),Other,FAQ,1700,2000,1850,4-Aug-18
358,Thane,Ulhasnagar,Bajra(Pearl Millet/Cumbu),Other,FAQ,1700,2000,1850,3-Aug-18
359,Thane,Ulhasnagar,Bajra(Pearl Millet/Cumbu),Other,FAQ,1700,2000,1850,2-Aug-18
360,Thane,Ulhasnagar,Bajra(Pearl Millet/Cumbu),Other,FAQ,1700,1900,1800,1-Aug-18
361,Thane,Ulhasnagar,Bajra(Pearl Millet/Cumbu),Other,FAQ,1700,1980,1850,31-Jul-18
362,Thane,Ulhasnagar,Bajra(Pearl Millet/Cumbu),Other,FAQ,1700,2000,1900,30-Jul-18
363,Thane,Ulhasnagar,Bajra(Pearl Millet/Cumbu),Other,FAQ,1700,2000,1850,29-Jul-18
364,Thane,Ulhasnagar,Bajra(Pearl Millet/Cumbu),Other,FAQ,1700,2000,1850,28-Jul-18
365,Thane,Ulhasnagar,Bajra(Pearl Millet/Cumbu),Other,FAQ,1700,2000,1860,27-Jul-18
366,Thane,Ulhasnagar,Bajra(Pearl Millet/Cumbu),Other,FAQ,1700,2000,1900,26-Jul-18
367,Thane,Ulhasnagar,Bajra(Pearl Millet/Cumbu),Other,FAQ,1700,2000,1850,25-Jul-18
368,Thane,Ulhasnagar,Bajra(Pearl Millet/Cumbu),Other,FAQ,1700,2000,1800,24-Jul-18
369,Thane,Ulhasnagar,Bajra(Pearl Millet/Cumbu),Other,FAQ,1700,1900,1800,23-Jul-18
370,Thane,Ulhasnagar,Bajra(Pearl Millet/Cumbu),Other,FAQ,1700,2000,1850,22-Jul-18
371,Thane,Ulhasnagar,Bajra(Pearl Millet/Cumbu),Other,FAQ,1700,2000,1850,21-Jul-18
372,Thane,Ulhasnagar,Bajra(Pearl Millet/Cumbu),Other,FAQ,1700,2000,1850,20-Jul-18
373,Thane,Ulhasnagar,Bajra(Pearl Millet/Cumbu),Other,FAQ,1700,2000,1800,19-Jul-18
374,Thane,Ulhasnagar,Bajra(Pearl Millet/Cumbu),Other,FAQ,1700,1900,1800,18-Jul-18
375,Thane,Ulhasnagar,Bajra(Pearl Millet/Cumbu),Other,FAQ,1700,2000,1850,17-Jul-18
376,Thane,Ulhasnagar,Bajra(Pearl Millet/Cumbu),Other,FAQ,1700,2000,1850,16-Jul-18
377,Thane,Ulhasnagar,Bajra(Pearl Millet/Cumbu),Other,FAQ,1700,2000,1855,15-Jul-18
378,Thane,Ulhasnagar,Bajra(Pearl Millet/Cumbu),Other,FAQ,1700,2000,1850,14-Jul-18
379,Thane,Ulhasnagar,Bajra(Pearl Millet/Cumbu),Other,FAQ,1700,2000,1900,13-Jul-18
380,Thane,Ulhasnagar,Bajra(Pearl Millet/Cumbu),Other,FAQ,1710,2100,2000,12-Jul-18
381,Thane,Ulhasnagar,Bajra(Pearl Millet/Cumbu),Other,FAQ,1700,2000,1850,11-Jul-18
382,Thane,Ulhasnagar,Bajra(Pearl Millet/Cumbu),Other,FAQ,1700,2000,1800,10-Jul-18
383,Thane,Ulhasnagar,Bajra(Pearl Millet/Cumbu),Other,FAQ,1700,2050,1900,8-Jul-18
384,Thane,Ulhasnagar,Bajra(Pearl Millet/Cumbu),Other,FAQ,1700,2000,1800,7-Jul-18
385,Thane,Ulhasnagar,Bajra(Pearl Millet/Cumbu),Other,FAQ,1700,2000,1900,5-Jul-18
386,Thane,Ulhasnagar,Bajra(Pearl Millet/Cumbu),Other,FAQ,1700,2000,1900,4-Jul-18
387,Thane,Ulhasnagar,Bajra(Pearl Millet/Cumbu),Other,FAQ,1700,2000,1850,3-Jul-18
388,Thane,Ulhasnagar,Bajra(Pearl Millet/Cumbu),Other,FAQ,1700,2100,1900,2-Jul-18
389,Thane,Ulhasnagar,Bajra(Pearl Millet/Cumbu),Other,FAQ,1700,2000,1900,30-Jun-18
390,Thane,Ulhasnagar,Bajra(Pearl Millet/Cumbu),Other,FAQ,1700,2000,1800,29-Jun-18
391,Thane,Ulhasnagar,Bajra(Pearl Millet/Cumbu),Other,FAQ,1700,2000,1870,28-Jun-18
392,Thane,Ulhasnagar,Bajra(Pearl Millet/Cumbu),Other,FAQ,1700,2000,1900,27-Jun-18
393,Thane,Ulhasnagar,Bajra(Pearl Millet/Cumbu),Other,FAQ,1700,2000,1900,22-Jun-18
394,Thane,Ulhasnagar,Bajra(Pearl Millet/Cumbu),Other,FAQ,1700,2000,1900,21-Jun-18
395,Thane,Ulhasnagar,Bajra(Pearl Millet/Cumbu),Other,FAQ,1750,2100,2000,20-Jun-18
396,Thane,Ulhasnagar,Bajra(Pearl Millet/Cumbu),Other,FAQ,1700,2000,1900,18-Jun-18
397,Thane,Ulhasnagar,Bajra(Pearl Millet/Cumbu),Other,FAQ,1700,2000,1800,17-Jun-18
398,Thane,Ulhasnagar,Bajra(Pearl Millet/Cumbu),Other,FAQ,1750,2100,2000,16-Jun-18
399,Thane,Ulhasnagar,Bajra(Pearl Millet/Cumbu),Other,FAQ,1700,2100,1900,15-Jun-18
400,Thane,Ulhasnagar,Bajra(Pearl Millet/Cumbu),Other,FAQ,1700,2000,1900,13-Jun-18
401,Thane,Ulhasnagar,Bajra(Pearl Millet/Cumbu),Other,FAQ,1700,2000,1900,12-Jun-18
402,Thane,Ulhasnagar,Bajra(Pearl Millet/Cumbu),Other,FAQ,1700,2000,1900,11-Jun-18
403,Thane,Ulhasnagar,Bajra(Pearl Millet/Cumbu),Other,FAQ,1700,2000,1900,9-Jun-18
404,Thane,Ulhasnagar,Bajra(Pearl Millet/Cumbu),Other,FAQ,1700,2000,1900,6-Jun-18
405,Thane,Ulhasnagar,Bajra(Pearl Millet/Cumbu),Other,FAQ,1700,2000,1900,5-Jun-18
406,Thane,Ulhasnagar,Bajra(Pearl Millet/Cumbu),Other,FAQ,1800,2100,2000,4-Jun-18
407,Thane,Ulhasnagar,Bajra(Pearl Millet/Cumbu),Other,FAQ,1700,2000,1900,2-Jun-18
408,Thane,Ulhasnagar,Bajra(Pearl Millet/Cumbu),Other,FAQ,1700,2000,1920,1-Jun-18
409,Thane,Ulhasnagar,Bajra(Pearl Millet/Cumbu),Other,FAQ,1700,2100,2000,31-May-18
410,Thane,Ulhasnagar,Bajra(Pearl Millet/Cumbu),Other,FAQ,1700,2000,1900,30-May-18
411,Thane,Ulhasnagar,Bajra(Pearl Millet/Cumbu),Other,FAQ,2200,2700,2600,29-May-18
412,Thane,Ulhasnagar,Bajra(Pearl Millet/Cumbu),Other,FAQ,1700,2000,1900,28-May-18
413,Thane,Ulhasnagar,Bajra(Pearl Millet/Cumbu),Other,FAQ,1700,2000,1860,25-May-18
414,Thane,Ulhasnagar,Bajra(Pearl Millet/Cumbu),Other,FAQ,1700,2000,1900,24-May-18
415,Thane,Ulhasnagar,Bajra(Pearl Millet/Cumbu),Other,FAQ,1700,2000,1800,22-May-18
416,Thane,Ulhasnagar,Bajra(Pearl Millet/Cumbu),Other,FAQ,1700,2000,1860,20-May-18
417,Thane,Ulhasnagar,Bajra(Pearl Millet/Cumbu),Other,FAQ,1700,2000,1900,19-May-18
418,Thane,Ulhasnagar,Bajra(Pearl Millet/Cumbu),Other,FAQ,1700,2000,1850,18-May-18
419,Thane,Ulhasnagar,Bajra(Pearl Millet/Cumbu),Other,FAQ,1700,2000,1860,17-May-18
420,Thane,Ulhasnagar,Bajra(Pearl Millet/Cumbu),Other,FAQ,1700,2000,1800,16-May-18
421,Thane,Ulhasnagar,Bajra(Pearl Millet/Cumbu),Other,FAQ,1700,2000,1900,15-May-18
422,Thane,Ulhasnagar,Bajra(Pearl Millet/Cumbu),Other,FAQ,1700,2050,1900,14-May-18
423,Thane,Ulhasnagar,Bajra(Pearl Millet/Cumbu),Other,FAQ,1700,2000,1850,13-May-18
424,Thane,Ulhasnagar,Bajra(Pearl Millet/Cumbu),Other,FAQ,1700,2000,1900,12-May-18
425,Thane,Ulhasnagar,Bajra(Pearl Millet/Cumbu),Other,FAQ,1700,2000,1900,11-May-18
426,Thane,Ulhasnagar,Bajra(Pearl Millet/Cumbu),Other,FAQ,1700,2000,1800,10-May-18
427,Thane,Ulhasnagar,Bajra(Pearl Millet/Cumbu),Other,FAQ,1700,2050,1900,9-May-18
428,Thane,Ulhasnagar,Bajra(Pearl Millet/Cumbu),Other,FAQ,1700,2000,1900,8-May-18
429,Thane,Ulhasnagar,Bajra(Pearl Millet/Cumbu),Other,FAQ,1700,2000,1900,7-May-18
430,Thane,Ulhasnagar,Bajra(Pearl Millet/Cumbu),Other,FAQ,1700,2000,1850,5-May-18
431,Thane,Ulhasnagar,Bajra(Pearl Millet/Cumbu),Other,FAQ,1700,2000,1850,4-May-18
432,Thane,Ulhasnagar,Bajra(Pearl Millet/Cumbu),Other,FAQ,1700,2100,2000,3-May-18
433,Thane,Ulhasnagar,Bajra(Pearl Millet/Cumbu),Other,FAQ,1750,2080,1860,2-May-18
434,Thane,Ulhasnagar,Bajra(Pearl Millet/Cumbu),Other,FAQ,1700,2000,1900,29-Apr-18
435,Thane,Ulhasnagar,Bajra(Pearl Millet/Cumbu),Other,FAQ,1700,2000,1860,27-Apr-18
436,Thane,Ulhasnagar,Bajra(Pearl Millet/Cumbu),Other,FAQ,1770,2060,2000,26-Apr-18
437,Thane,Ulhasnagar,Bajra(Pearl Millet/Cumbu),Other,FAQ,1700,2000,1800,25-Apr-18
438,Thane,Ulhasnagar,Bajra(Pearl Millet/Cumbu),Other,FAQ,1700,2000,1900,21-Apr-18
439,Thane,Ulhasnagar,Bajra(Pearl Millet/Cumbu),Other,FAQ,1700,2100,2000,20-Apr-18
440,Thane,Ulhasnagar,Bajra(Pearl Millet/Cumbu),Other,FAQ,1700,2000,1860,19-Apr-18
441,Thane,Ulhasnagar,Bajra(Pearl Millet/Cumbu),Other,FAQ,1700,2000,1900,15-Apr-18
442,Thane,Ulhasnagar,Bajra(Pearl Millet/Cumbu),Other,FAQ,1700,2000,1900,14-Apr-18
443,Thane,Ulhasnagar,Bajra(Pearl Millet/Cumbu),Other,FAQ,1700,2000,1800,13-Apr-18
444,Thane,Ulhasnagar,Bajra(Pearl Millet/Cumbu),Other,FAQ,1700,1950,1800,12-Apr-18
445,Thane,Ulhasnagar,Bajra(Pearl Millet/Cumbu),Other,FAQ,1700,2000,1900,10-Apr-18
446,Thane,Ulhasnagar,Bajra(Pearl Millet/Cumbu),Other,FAQ,1700,2000,1800,9-Apr-18
447,Thane,Ulhasnagar,Bajra(Pearl Millet/Cumbu),Other,FAQ,1700,2000,1900,8-Apr-18
448,Thane,Ulhasnagar,Bajra(Pearl Millet/Cumbu),Other,FAQ,1700,2000,1850,5-Apr-18
449,Thane,Ulhasnagar,Bajra(Pearl Millet/Cumbu),Other,FAQ,1700,2100,2000,4-Apr-18
450,Thane,Ulhasnagar,Bajra(Pearl Millet/Cumbu),Other,FAQ,1700,2000,1850,3-Apr-18
451,Thane,Ulhasnagar,Bajra(Pearl Millet/Cumbu),Other,FAQ,1700,2000,1900,2-Apr-18
452,Thane,Ulhasnagar,Bajra(Pearl Millet/Cumbu),Other,FAQ,1700,2000,1900,1-Apr-18
453,Thane,Ulhasnagar,Bajra(Pearl Millet/Cumbu),Other,FAQ,1700,2000,1850,31-Mar-18
454,Thane,Ulhasnagar,Bajra(Pearl Millet/Cumbu),Other,FAQ,1700,2000,1900,28-Mar-18
455,Thane,Ulhasnagar,Bajra(Pearl Millet/Cumbu),Other,FAQ,1700,2000,1800,27-Mar-18
456,Thane,Ulhasnagar,Bajra(Pearl Millet/Cumbu),Other,FAQ,1750,2020,1980,25-Mar-18
457,Thane,Ulhasnagar,Bajra(Pearl Millet/Cumbu),Other,FAQ,1700,2000,1900,24-Mar-18
458,Thane,Ulhasnagar,Bajra(Pearl Millet/Cumbu),Other,FAQ,1700,2000,1922,22-Mar-18
459,Thane,Ulhasnagar,Bajra(Pearl Millet/Cumbu),Other,FAQ,1700,2000,1850,21-Mar-18
460,Thane,Ulhasnagar,Bajra(Pearl Millet/Cumbu),Other,FAQ,1700,2000,1850,20-Mar-18
461,Thane,Ulhasnagar,Bajra(Pearl Millet/Cumbu),Other,FAQ,1700,2000,1900,19-Mar-18
462,Thane,Ulhasnagar,Bajra(Pearl Millet/Cumbu),Other,FAQ,1700,2000,1850,18-Mar-18
463,Thane,Ulhasnagar,Bajra(Pearl Millet/Cumbu),Other,FAQ,1700,2000,1900,17-Mar-18
464,Thane,Ulhasnagar,Bajra(Pearl Millet/Cumbu),Other,FAQ,1750,2050,1900,16-Mar-18
465,Thane,Ulhasnagar,Bajra(Pearl Millet/Cumbu),Other,FAQ,1700,2000,1900,15-Mar-18
466,Thane,Ulhasnagar,Bajra(Pearl Millet/Cumbu),Other,FAQ,1710,2120,1920,14-Mar-18
467,Thane,Ulhasnagar,Bajra(Pearl Millet/Cumbu),Other,FAQ,1700,2000,1900,13-Mar-18
468,Thane,Ulhasnagar,Bajra(Pearl Millet/Cumbu),Other,FAQ,1700,2000,1850,12-Mar-18
469,Thane,Ulhasnagar,Bajra(Pearl Millet/Cumbu),Other,FAQ,1700,2100,2000,11-Mar-18
470,Thane,Ulhasnagar,Bajra(Pearl Millet/Cumbu),Other,FAQ,1700,2000,1800,10-Mar-18
471,Thane,Ulhasnagar,Bajra(Pearl Millet/Cumbu),Other,FAQ,1700,2000,1800,9-Mar-18
472,Thane,Ulhasnagar,Bajra(Pearl Millet/Cumbu),Other,FAQ,1700,2000,1900,8-Mar-18
473,Thane,Ulhasnagar,Bajra(Pearl Millet/Cumbu),Other,FAQ,1700,2000,1900,7-Mar-18
474,Thane,Ulhasnagar,Bajra(Pearl Millet/Cumbu),Other,FAQ,1700,2000,1800,6-Mar-18
475,Thane,Ulhasnagar,Bajra(Pearl Millet/Cumbu),Other,FAQ,1700,2000,1900,5-Mar-18
476,Thane,Ulhasnagar,Bajra(Pearl Millet/Cumbu),Other,FAQ,1700,2000,1900,4-Mar-18
477,Thane,Ulhasnagar,Bajra(Pearl Millet/Cumbu),Other,FAQ,1700,2000,1800,1-Mar-18
478,Thane,Ulhasnagar,Bajra(Pearl Millet/Cumbu),Other,FAQ,1700,2000,1900,28-Feb-18
479,Thane,Ulhasnagar,Bajra(Pearl Millet/Cumbu),Other,FAQ,1700,2000,1800,27-Feb-18
480,Thane,Ulhasnagar,Bajra(Pearl Millet/Cumbu),Other,FAQ,1700,2000,1900,26-Feb-18
481,Thane,Ulhasnagar,Bajra(Pearl Millet/Cumbu),Other,FAQ,1700,2000,1800,25-Feb-18
482,Thane,Ulhasnagar,Bajra(Pearl Millet/Cumbu),Other,FAQ,1700,2000,1900,24-Feb-18
483,Thane,Ulhasnagar,Bajra(Pearl Millet/Cumbu),Other,FAQ,1700,2000,1900,23-Feb-18
484,Thane,Ulhasnagar,Bajra(Pearl Millet/Cumbu),Other,FAQ,1700,2000,1800,22-Feb-18
485,Thane,Ulhasnagar,Bajra(Pearl Millet/Cumbu),Other,FAQ,1700,2100,2000,21-Feb-18
486,Thane,Ulhasnagar,Bajra(Pearl Millet/Cumbu),Other,FAQ,1700,2000,1900,20-Feb-18
487,Thane,Ulhasnagar,Bajra(Pearl Millet/Cumbu),Other,FAQ,1700,2000,1850,18-Feb-18
488,Thane,Ulhasnagar,Bajra(Pearl Millet/Cumbu),Other,FAQ,1700,2000,1800,17-Feb-18
489,Thane,Ulhasnagar,Bajra(Pearl Millet/Cumbu),Other,FAQ,1700,2000,1900,16-Feb-18
490,Thane,Ulhasnagar,Bajra(Pearl Millet/Cumbu),Other,FAQ,1700,2000,1800,15-Feb-18
491,Thane,Ulhasnagar,Bajra(Pearl Millet/Cumbu),Other,FAQ,1700,2000,1800,14-Feb-18
492,Thane,Ulhasnagar,Bajra(Pearl Millet/Cumbu),Other,FAQ,1700,2000,1850,12-Feb-18
493,Thane,Ulhasnagar,Bajra(Pearl Millet/Cumbu),Other,FAQ,1700,2000,1800,11-Feb-18
494,Thane,Ulhasnagar,Bajra(Pearl Millet/Cumbu),Other,FAQ,1700,2000,1900,10-Feb-18
495,Thane,Ulhasnagar,Bajra(Pearl Millet/Cumbu),Other,FAQ,1700,2000,1850,9-Feb-18
496,Thane,Ulhasnagar,Bajra(Pearl Millet/Cumbu),Other,FAQ,1700,1900,1800,8-Feb-18
497,Thane,Ulhasnagar,Bajra(Pearl Millet/Cumbu),Other,FAQ,1700,2000,1900,7-Feb-18
498,Thane,Ulhasnagar,Bajra(Pearl Millet/Cumbu),Other,FAQ,1700,2000,1800,6-Feb-18
499,Thane,Ulhasnagar,Bajra(Pearl Millet/Cumbu),Other,FAQ,1700,2000,1800,5-Feb-18
500,Thane,Ulhasnagar,Bajra(Pearl Millet/Cumbu),Other,FAQ,1700,2000,1800,4-Feb-18
501,Thane,Ulhasnagar,Bajra(Pearl Millet/Cumbu),Other,FAQ,1700,2000,1900,3-Feb-18
502,Thane,Ulhasnagar,Bajra(Pearl Millet/Cumbu),Other,FAQ,1700,2000,1900,2-Feb-18
503,Thane,Ulhasnagar,Bajra(Pearl Millet/Cumbu),Other,FAQ,1700,2000,1900,1-Feb-18
504,Thane,Ulhasnagar,Bajra(Pearl Millet/Cumbu),Other,FAQ,1700,2100,1900,31-Jan-18
505,Thane,Ulhasnagar,Bajra(Pearl Millet/Cumbu),Other,FAQ,1700,2000,1850,30-Jan-18
506,Thane,Ulhasnagar,Bajra(Pearl Millet/Cumbu),Other,FAQ,1700,2000,1900,29-Jan-18
507,Thane,Ulhasnagar,Bajra(Pearl Millet/Cumbu),Other,FAQ,1700,2000,1850,28-Jan-18
508,Thane,Ulhasnagar,Bajra(Pearl Millet/Cumbu),Other,FAQ,1700,2000,1800,27-Jan-18
509,Thane,Ulhasnagar,Bajra(Pearl Millet/Cumbu),Other,FAQ,1700,2000,1800,25-Jan-18
510,Thane,Ulhasnagar,Bajra(Pearl Millet/Cumbu),Other,FAQ,1700,2000,1800,24-Jan-18
511,Thane,Ulhasnagar,Bajra(Pearl Millet/Cumbu),Other,FAQ,1700,2100,2000,23-Jan-18
512,Thane,Ulhasnagar,Bajra(Pearl Millet/Cumbu),Other,FAQ,1700,2000,1800,22-Jan-18
513,Thane,Ulhasnagar,Bajra(Pearl Millet/Cumbu),Other,FAQ,1700,2000,1800,19-Jan-18
514,Thane,Ulhasnagar,Bajra(Pearl Millet/Cumbu),Other,FAQ,1700,2000,1800,18-Jan-18
515,Thane,Ulhasnagar,Bajra(Pearl Millet/Cumbu),Other,FAQ,1700,2000,1900,17-Jan-18
516,Thane,Ulhasnagar,Bajra(Pearl Millet/Cumbu),Other,FAQ,1700,2000,1800,15-Jan-18
517,Thane,Ulhasnagar,Bajra(Pearl Millet/Cumbu),Other,FAQ,1700,2000,1900,14-Jan-18
518,Thane,Ulhasnagar,Bajra(Pearl Millet/Cumbu),Other,FAQ,1700,2000,1900,13-Jan-18
519,Thane,Ulhasnagar,Bajra(Pearl Millet/Cumbu),Other,FAQ,1700,2030,1860,12-Jan-18
520,Thane,Ulhasnagar,Bajra(Pearl Millet/Cumbu),Other,FAQ,1700,2000,1860,10-Jan-18
521,Thane,Ulhasnagar,Bajra(Pearl Millet/Cumbu),Other,FAQ,1720,2050,1900,9-Jan-18
522,Thane,Ulhasnagar,Bajra(Pearl Millet/Cumbu),Other,FAQ,1700,2000,1850,8-Jan-18
523,Thane,Ulhasnagar,Bajra(Pearl Millet/Cumbu),Other,FAQ,1800,2000,1900,7-Jan-18
524,Thane,Ulhasnagar,Bajra(Pearl Millet/Cumbu),Other,FAQ,1700,2000,1800,5-Jan-18
525,Thane,Ulhasnagar,Bajra(Pearl Millet/Cumbu),Other,FAQ,1700,2000,1800,4-Jan-18
526,Thane,Ulhasnagar,Bajra(Pearl Millet/Cumbu),Other,FAQ,1700,2000,1800,3-Jan-18
527,Thane,Ulhasnagar,Bajra(Pearl Millet/Cumbu),Other,FAQ,1700,2000,1890,2-Jan-18
528,Thane,Ulhasnagar,Bajra(Pearl Millet/Cumbu),Other,FAQ,1700,2000,1850,1-Jan-18
529,Thane,Ulhasnagar,Bajra(Pearl Millet/Cumbu),Other,FAQ,1700,2000,1850,31-Dec-17
530,Thane,Ulhasnagar,Bajra(Pearl Millet/Cumbu),Other,FAQ,1700,2000,1850,30-Dec-17
531,Thane,Ulhasnagar,Bajra(Pearl Millet/Cumbu),Other,FAQ,1700,2100,1900,29-Dec-17
532,Thane,Ulhasnagar,Bajra(Pearl Millet/Cumbu),Other,FAQ,1700,2000,1800,28-Dec-17
533,Thane,Ulhasnagar,Bajra(Pearl Millet/Cumbu),Other,FAQ,1700,2000,1800,27-Dec-17
534,Thane,Ulhasnagar,Bajra(Pearl Millet/Cumbu),Other,FAQ,1700,2000,1900,26-Dec-17
535,Thane,Ulhasnagar,Bajra(Pearl Millet/Cumbu),Other,FAQ,1700,2000,1850,22-Dec-17
536,Thane,Ulhasnagar,Bajra(Pearl Millet/Cumbu),Other,FAQ,1700,2100,1850,21-Dec-17
537,Thane,Ulhasnagar,Bajra(Pearl Millet/Cumbu),Other,FAQ,1700,2100,2000,20-Dec-17
538,Thane,Ulhasnagar,Bajra(Pearl Millet/Cumbu),Other,FAQ,1700,2000,1800,19-Dec-17
539,Thane,Ulhasnagar,Bajra(Pearl Millet/Cumbu),Other,FAQ,1700,2100,1900,18-Dec-17
540,Thane,Ulhasnagar,Bajra(Pearl Millet/Cumbu),Other,FAQ,1700,2050,1850,17-Dec-17
541,Thane,Ulhasnagar,Bajra(Pearl Millet/Cumbu),Other,FAQ,1700,2000,1800,15-Dec-17
542,Thane,Ulhasnagar,Bajra(Pearl Millet/Cumbu),Other,FAQ,1700,2100,2000,13-Dec-17
543,Thane,Ulhasnagar,Bajra(Pearl Millet/Cumbu),Other,FAQ,1710,2050,1880,12-Dec-17
544,Thane,Ulhasnagar,Bajra(Pearl Millet/Cumbu),Other,FAQ,1700,2000,1800,9-Dec-17
545,Thane,Ulhasnagar,Bajra(Pearl Millet/Cumbu),Other,FAQ,1700,2000,1800,8-Dec-17
546,Thane,Ulhasnagar,Bajra(Pearl Millet/Cumbu),Other,FAQ,1700,2000,1900,7-Dec-17
547,Thane,Ulhasnagar,Bajra(Pearl Millet/Cumbu),Other,FAQ,1700,2000,1800,4-Dec-17
548,Thane,Ulhasnagar,Bajra(Pearl Millet/Cumbu),Other,FAQ,1700,2000,1800,3-Dec-17
549,Thane,Ulhasnagar,Bajra(Pearl Millet/Cumbu),Other,FAQ,1700,2050,1850,2-Dec-17
550,Thane,Ulhasnagar,Bajra(Pearl Millet/Cumbu),Other,FAQ,1700,2100,2000,1-Dec-17
551,Thane,Ulhasnagar,Bajra(Pearl Millet/Cumbu),Other,FAQ,1700,2000,1900,30-Nov-17
552,Thane,Ulhasnagar,Bajra(Pearl Millet/Cumbu),Other,FAQ,1750,2050,1850,29-Nov-17
553,Thane,Ulhasnagar,Bajra(Pearl Millet/Cumbu),Other,FAQ,1700,2000,1800,28-Nov-17
554,Thane,Ulhasnagar,Bajra(Pearl Millet/Cumbu),Other,FAQ,1700,2000,1800,27-Nov-17
555,Thane,Ulhasnagar,Bajra(Pearl Millet/Cumbu),Other,FAQ,1700,2000,1800,22-Nov-17
556,Thane,Ulhasnagar,Bajra(Pearl Millet/Cumbu),Other,FAQ,1700,2000,1850,21-Nov-17
557,Thane,Ulhasnagar,Bajra(Pearl Millet/Cumbu),Other,FAQ,1700,2000,1900,20-Nov-17
558,Thane,Ulhasnagar,Bajra(Pearl Millet/Cumbu),Other,FAQ,1700,2000,1900,19-Nov-17
559,Thane,Ulhasnagar,Bajra(Pearl Millet/Cumbu),Other,FAQ,1750,2050,1850,18-Nov-17
560,Thane,Ulhasnagar,Bajra(Pearl Millet/Cumbu),Other,FAQ,1700,2000,1900,17-Nov-17
561,Thane,Ulhasnagar,Bajra(Pearl Millet/Cumbu),Other,FAQ,1700,2000,1800,16-Nov-17
562,Thane,Ulhasnagar,Bajra(Pearl Millet/Cumbu),Other,FAQ,1750,2050,1850,15-Nov-17
563,Thane,Ulhasnagar,Bajra(Pearl Millet/Cumbu),Other,FAQ,1700,2000,1850,14-Nov-17
564,Thane,Ulhasnagar,Bajra(Pearl Millet/Cumbu),Other,FAQ,1700,2000,1900,13-Nov-17
565,Thane,Ulhasnagar,Bajra(Pearl Millet/Cumbu),Other,FAQ,1800,2000,1900,12-Nov-17
566,Thane,Ulhasnagar,Bajra(Pearl Millet/Cumbu),Other,FAQ,1750,2050,1850,10-Nov-17
567,Thane,Ulhasnagar,Bajra(Pearl Millet/Cumbu),Other,FAQ,1750,2100,2000,9-Nov-17
568,Thane,Ulhasnagar,Bajra(Pearl Millet/Cumbu),Other,FAQ,1700,2000,1850,8-Nov-17
569,Thane,Ulhasnagar,Bajra(Pearl Millet/Cumbu),Other,FAQ,1700,2000,1850,7-Nov-17
570,Thane,Ulhasnagar,Bajra(Pearl Millet/Cumbu),Other,FAQ,1710,2000,1800,6-Nov-17
571,Thane,Ulhasnagar,Bajra(Pearl Millet/Cumbu),Other,FAQ,1700,2100,2000,5-Nov-17
572,Thane,Ulhasnagar,Bajra(Pearl Millet/Cumbu),Other,FAQ,1750,2100,2000,4-Nov-17
573,Thane,Ulhasnagar,Bajra(Pearl Millet/Cumbu),Other,FAQ,1700,2000,1800,3-Nov-17
574,Thane,Ulhasnagar,Bajra(Pearl Millet/Cumbu),Other,FAQ,1700,2100,2000,2-Nov-17
575,Thane,Ulhasnagar,Bajra(Pearl Millet/Cumbu),Other,FAQ,1750,2050,1850,1-Nov-17
576,Thane,Ulhasnagar,Bajra(Pearl Millet/Cumbu),Other,FAQ,1750,2150,2050,31-Oct-17
577,Thane,Ulhasnagar,Bajra(Pearl Millet/Cumbu),Other,FAQ,1700,2000,1850,30-Oct-17
578,Thane,Ulhasnagar,Bajra(Pearl Millet/Cumbu),Other,FAQ,1700,2100,2000,29-Oct-17
579,Thane,Ulhasnagar,Bajra(Pearl Millet/Cumbu),Other,FAQ,1700,2050,1900,27-Oct-17
580,Thane,Ulhasnagar,Bajra(Pearl Millet/Cumbu),Other,FAQ,1750,2000,1800,26-Oct-17
581,Thane,Ulhasnagar,Bajra(Pearl Millet/Cumbu),Other,FAQ,1700,2000,1850,25-Oct-17
582,Thane,Ulhasnagar,Bajra(Pearl Millet/Cumbu),Other,FAQ,1750,2000,1850,24-Oct-17
583,Thane,Ulhasnagar,Bajra(Pearl Millet/Cumbu),Other,FAQ,1700,2000,1900,23-Oct-17
584,Thane,Ulhasnagar,Bajra(Pearl Millet/Cumbu),Other,FAQ,1660,2100,2000,21-Oct-17
585,Thane,Ulhasnagar,Bajra(Pearl Millet/Cumbu),Other,FAQ,1700,2100,1900,20-Oct-17
586,Thane,Ulhasnagar,Bajra(Pearl Millet/Cumbu),Other,FAQ,1700,2050,1850,19-Oct-17
587,Thane,Ulhasnagar,Bajra(Pearl Millet/Cumbu),Other,FAQ,1800,2000,1850,17-Oct-17
588,Thane,Ulhasnagar,Bajra(Pearl Millet/Cumbu),Other,FAQ,1750,2050,1850,16-Oct-17
589,Thane,Ulhasnagar,Bajra(Pearl Millet/Cumbu),Other,FAQ,1700,2000,1850,14-Oct-17
590,Thane,Ulhasnagar,Bajra(Pearl Millet/Cumbu),Other,FAQ,1700,2000,1800,13-Oct-17
591,Thane,Ulhasnagar,Bajra(Pearl Millet/Cumbu),Other,FAQ,1600,2000,1800,12-Oct-17
592,Thane,Ulhasnagar,Bajra(Pearl Millet/Cumbu),Other,FAQ,1750,2000,1900,11-Oct-17
593,Thane,Ulhasnagar,Bajra(Pearl Millet/Cumbu),Other,FAQ,1650,2050,1900,9-Oct-17
594,Thane,Ulhasnagar,Bajra(Pearl Millet/Cumbu),Other,FAQ,1650,2000,1800,7-Oct-17
595,Thane,Ulhasnagar,Bajra(Pearl Millet/Cumbu),Other,FAQ,1650,2100,2000,6-Oct-17
596,Thane,Ulhasnagar,Bajra(Pearl Millet/Cumbu),Other,FAQ,1650,2000,1800,5-Oct-17
597,Thane,Ulhasnagar,Bajra(Pearl Millet/Cumbu),Other,FAQ,1650,2050,1950,4-Oct-17
598,Thane,Ulhasnagar,Bajra(Pearl Millet/Cumbu),Other,FAQ,1650,2050,1850,3-Oct-17
599,Thane,Ulhasnagar,Bajra(Pearl Millet/Cumbu),Other,FAQ,1700,2000,1900,2-Oct-17
600,Thane,Ulhasnagar,Bajra(Pearl Millet/Cumbu),Other,FAQ,1700,2000,1850,30-Sep-17
601,Thane,Ulhasnagar,Bajra(Pearl Millet/Cumbu),Other,FAQ,1650,2000,1850,28-Sep-17
602,Thane,Ulhasnagar,Bajra(Pearl Millet/Cumbu),Other,FAQ,1650,2000,1800,27-Sep-17
603,Thane,Ulhasnagar,Bajra(Pearl Millet/Cumbu),Other,FAQ,1650,2000,1800,26-Sep-17
604,Thane,Ulhasnagar,Bajra(Pearl Millet/Cumbu),Other,FAQ,1700,2000,1800,25-Sep-17
605,Thane,Ulhasnagar,Bajra(Pearl Millet/Cumbu),Other,FAQ,1700,2100,1900,22-Sep-17
606,Thane,Ulhasnagar,Bajra(Pearl Millet/Cumbu),Other,FAQ,1600,2100,1800,21-Sep-17
607,Thane,Ulhasnagar,Bajra(Pearl Millet/Cumbu),Other,FAQ,1650,2100,1900,20-Sep-17
608,Thane,Ulhasnagar,Bajra(Pearl Millet/Cumbu),Other,FAQ,1650,2000,1800,19-Sep-17
609,Thane,Ulhasnagar,Bajra(Pearl Millet/Cumbu),Other,FAQ,1650,2000,1850,18-Sep-17
610,Thane,Ulhasnagar,Bajra(Pearl Millet/Cumbu),Other,FAQ,1650,2000,1850,16-Sep-17
611,Thane,Ulhasnagar,Bajra(Pearl Millet/Cumbu),Other,FAQ,1650,2150,1800,15-Sep-17
612,Thane,Ulhasnagar,Bajra(Pearl Millet/Cumbu),Other,FAQ,1650,2100,1900,14-Sep-17
613,Thane,Ulhasnagar,Bajra(Pearl Millet/Cumbu),Other,FAQ,1650,2000,1900,13-Sep-17
614,Thane,Ulhasnagar,Bajra(Pearl Millet/Cumbu),Other,FAQ,1650,2050,1800,12-Sep-17
615,Thane,Ulhasnagar,Bajra(Pearl Millet/Cumbu),Other,FAQ,1650,2150,1800,11-Sep-17
616,Thane,Ulhasnagar,Bajra(Pearl Millet/Cumbu),Other,FAQ,1600,2150,2000,9-Sep-17
617,Thane,Ulhasnagar,Bajra(Pearl Millet/Cumbu),Other,FAQ,1650,2050,1800,8-Sep-17
618,Thane,Ulhasnagar,Bajra(Pearl Millet/Cumbu),Other,FAQ,1652,2100,1850,7-Sep-17
619,Thane,Ulhasnagar,Bajra(Pearl Millet/Cumbu),Other,FAQ,1650,2050,1800,6-Sep-17
620,Thane,Ulhasnagar,Bajra(Pearl Millet/Cumbu),Other,FAQ,1600,2000,1800,5-Sep-17
621,Thane,Ulhasnagar,Bajra(Pearl Millet/Cumbu),Other,FAQ,1650,2000,1800,4-Sep-17
622,Thane,Ulhasnagar,Bajra(Pearl Millet/Cumbu),Other,FAQ,1650,2000,1800,2-Sep-17
623,Thane,Ulhasnagar,Bajra(Pearl Millet/Cumbu),Other,FAQ,1700,2000,1850,1-Sep-17
624,Thane,Ulhasnagar,Bajra(Pearl Millet/Cumbu),Other,FAQ,1700,2000,1850,31-Aug-17
625,Thane,Ulhasnagar,Bajra(Pearl Millet/Cumbu),Other,FAQ,1650,2000,1800,30-Aug-17
626,Thane,Ulhasnagar,Bajra(Pearl Millet/Cumbu),Other,FAQ,1650,2150,1850,29-Aug-17
627,Thane,Ulhasnagar,Bajra(Pearl Millet/Cumbu),Other,FAQ,1650,2150,2000,28-Aug-17
628,Thane,Ulhasnagar,Bajra(Pearl Millet/Cumbu),Other,FAQ,1650,2000,1800,26-Aug-17
629,Thane,Ulhasnagar,Bajra(Pearl Millet/Cumbu),Other,FAQ,1650,2150,1900,25-Aug-17
630,Thane,Ulhasnagar,Bajra(Pearl Millet/Cumbu),Other,FAQ,1650,2150,1900,24-Aug-17
631,Thane,Ulhasnagar,Bajra(Pearl Millet/Cumbu),Other,FAQ,1650,2000,1820,23-Aug-17
632,Thane,Ulhasnagar,Bajra(Pearl Millet/Cumbu),Other,FAQ,1650,2050,1850,22-Aug-17
633,Thane,Ulhasnagar,Bajra(Pearl Millet/Cumbu),Other,FAQ,1600,2200,1900,21-Aug-17
634,Thane,Ulhasnagar,Bajra(Pearl Millet/Cumbu),Other,FAQ,1620,2000,1800,19-Aug-17
635,Thane,Ulhasnagar,Bajra(Pearl Millet/Cumbu),Other,FAQ,1600,2000,1800,18-Aug-17
636,Thane,Ulhasnagar,Bajra(Pearl Millet/Cumbu),Other,FAQ,1600,2000,1800,16-Aug-17
637,Thane,Ulhasnagar,Bajra(Pearl Millet/Cumbu),Other,FAQ,1600,2100,1900,14-Aug-17
638,Thane,Ulhasnagar,Bajra(Pearl Millet/Cumbu),Other,FAQ,1600,2000,1800,11-Aug-17
639,Thane,Ulhasnagar,Bajra(Pearl Millet/Cumbu),Other,FAQ,1600,2100,1900,9-Aug-17
640,Thane,Ulhasnagar,Bajra(Pearl Millet/Cumbu),Other,FAQ,1600,2000,1900,8-Aug-17
641,Thane,Ulhasnagar,Bajra(Pearl Millet/Cumbu),Other,FAQ,1750,2050,1800,4-Aug-17
642,Thane,Ulhasnagar,Bajra(Pearl Millet/Cumbu),Other,FAQ,1700,2000,1800,3-Aug-17
643,Thane,Ulhasnagar,Bajra(Pearl Millet/Cumbu),Other,FAQ,1600,2000,1800,2-Aug-17
644,Thane,Ulhasnagar,Bajra(Pearl Millet/Cumbu),Other,FAQ,1600,2000,1800,31-Jul-17
645,Thane,Ulhasnagar,Bajra(Pearl Millet/Cumbu),Other,FAQ,1600,2000,1800,29-Jul-17
646,Thane,Ulhasnagar,Bajra(Pearl Millet/Cumbu),Other,FAQ,1650,2000,1800,28-Jul-17
647,Thane,Ulhasnagar,Bajra(Pearl Millet/Cumbu),Other,FAQ,1600,2100,1850,27-Jul-17
648,Thane,Ulhasnagar,Bajra(Pearl Millet/Cumbu),Other,FAQ,1600,2000,1800,26-Jul-17
649,Thane,Ulhasnagar,Bajra(Pearl Millet/Cumbu),Other,FAQ,1600,2000,1800,25-Jul-17
650,Thane,Ulhasnagar,Bajra(Pearl Millet/Cumbu),Other,FAQ,1600,2000,1800,24-Jul-17
651,Thane,Ulhasnagar,Bajra(Pearl Millet/Cumbu),Other,FAQ,1600,2000,1800,21-Jul-17
652,Thane,Ulhasnagar,Bajra(Pearl Millet/Cumbu),Other,FAQ,1600,2000,1800,20-Jul-17
653,Thane,Ulhasnagar,Bajra(Pearl Millet/Cumbu),Other,FAQ,1600,2000,1800,19-Jul-17
654,Thane,Ulhasnagar,Bajra(Pearl Millet/Cumbu),Other,FAQ,1600,2000,1750,18-Jul-17
655,Thane,Ulhasnagar,Bajra(Pearl Millet/Cumbu),Other,FAQ,1600,2000,1800,17-Jul-17
656,Thane,Ulhasnagar,Bajra(Pearl Millet/Cumbu),Other,FAQ,1650,2000,1800,14-Jul-17
657,Thane,Ulhasnagar,Bajra(Pearl Millet/Cumbu),Other,FAQ,1650,2050,1850,13-Jul-17
658,Thane,Ulhasnagar,Bajra(Pearl Millet/Cumbu),Other,FAQ,1650,2000,1800,12-Jul-17
659,Thane,Ulhasnagar,Bajra(Pearl Millet/Cumbu),Other,FAQ,1650,2150,2000,11-Jul-17
660,Thane,Ulhasnagar,Bajra(Pearl Millet/Cumbu),Other,FAQ,1600,2000,1800,10-Jul-17
661,Thane,Ulhasnagar,Bajra(Pearl Millet/Cumbu),Other,FAQ,1600,2100,1800,8-Jul-17
662,Thane,Ulhasnagar,Bajra(Pearl Millet/Cumbu),Other,FAQ,1650,2000,1850,7-Jul-17
663,Thane,Ulhasnagar,Bajra(Pearl Millet/Cumbu),Other,FAQ,1600,2000,1750,6-Jul-17
664,Thane,Ulhasnagar,Bajra(Pearl Millet/Cumbu),Other,FAQ,1600,2000,1800,5-Jul-17
665,Thane,Ulhasnagar,Bajra(Pearl Millet/Cumbu),Other,FAQ,1600,2000,1800,4-Jul-17
666,Thane,Ulhasnagar,Bajra(Pearl Millet/Cumbu),Other,FAQ,1600,2000,1800,3-Jul-17
667,Thane,Ulhasnagar,Bajra(Pearl Millet/Cumbu),Other,FAQ,1600,2000,1800,1-Jul-17
668,Thane,Ulhasnagar,Bajra(Pearl Millet/Cumbu),Other,FAQ,1600,2000,1700,30-Jun-17
669,Thane,Ulhasnagar,Bajra(Pearl Millet/Cumbu),Other,FAQ,1650,2000,1800,29-Jun-17
670,Thane,Ulhasnagar,Bajra(Pearl Millet/Cumbu),Other,FAQ,1750,2150,2000,28-Jun-17
671,Thane,Ulhasnagar,Bajra(Pearl Millet/Cumbu),Other,FAQ,1600,1900,1700,27-Jun-17
672,Thane,Ulhasnagar,Bajra(Pearl Millet/Cumbu),Other,FAQ,1600,2000,1800,23-Jun-17
673,Thane,Ulhasnagar,Bajra(Pearl Millet/Cumbu),Other,FAQ,1600,2000,1800,22-Jun-17
674,Thane,Ulhasnagar,Bajra(Pearl Millet/Cumbu),Other,FAQ,1600,2000,1800,21-Jun-17
675,Thane,Ulhasnagar,Bajra(Pearl Millet/Cumbu),Other,FAQ,1600,2000,1800,20-Jun-17
676,Thane,Ulhasnagar,Bajra(Pearl Millet/Cumbu),Other,FAQ,1650,2000,1800,19-Jun-17
677,Thane,Ulhasnagar,Bajra(Pearl Millet/Cumbu),Other,FAQ,1500,1900,1800,16-Jun-17
678,Thane,Ulhasnagar,Bajra(Pearl Millet/Cumbu),Other,FAQ,1600,2100,1850,15-Jun-17
679,Thane,Ulhasnagar,Bajra(Pearl Millet/Cumbu),Other,FAQ,1600,2000,1800,14-Jun-17
680,Thane,Ulhasnagar,Bajra(Pearl Millet/Cumbu),Other,FAQ,1600,2000,1800,13-Jun-17
681,Thane,Ulhasnagar,Bajra(Pearl Millet/Cumbu),Other,FAQ,1600,2000,1800,12-Jun-17
682,Thane,Ulhasnagar,Bajra(Pearl Millet/Cumbu),Other,FAQ,1750,2100,1890,10-Jun-17
683,Thane,Ulhasnagar,Bajra(Pearl Millet/Cumbu),Other,FAQ,1650,2000,1800,9-Jun-17
684,Thane,Ulhasnagar,Bajra(Pearl Millet/Cumbu),Other,FAQ,1600,2000,1800,8-Jun-17
685,Thane,Ulhasnagar,Bajra(Pearl Millet/Cumbu),Other,FAQ,1650,2000,1800,7-Jun-17
686,Thane,Ulhasnagar,Bajra(Pearl Millet/Cumbu),Other,FAQ,1650,2000,1800,5-Jun-17
687,Thane,Ulhasnagar,Bajra(Pearl Millet/Cumbu),Other,FAQ,1650,2000,1800,3-Jun-17
688,Thane,Ulhasnagar,Bajra(Pearl Millet/Cumbu),Other,FAQ,1650,2000,1900,1-Jun-17
689,Thane,Ulhasnagar,Bajra(Pearl Millet/Cumbu),Other,FAQ,1600,2000,1750,31-May-17
690,Thane,Ulhasnagar,Bajra(Pearl Millet/Cumbu),Other,FAQ,1600,2000,1800,30-May-17
691,Thane,Ulhasnagar,Bajra(Pearl Millet/Cumbu),Other,FAQ,1650,2000,1800,29-May-17
692,Thane,Ulhasnagar,Bajra(Pearl Millet/Cumbu),Other,FAQ,1650,2000,1800,25-May-17
693,Thane,Ulhasnagar,Bajra(Pearl Millet/Cumbu),Other,FAQ,1600,2000,1800,24-May-17
694,Thane,Ulhasnagar,Bajra(Pearl Millet/Cumbu),Other,FAQ,1650,2000,1800,23-May-17
695,Thane,Ulhasnagar,Bajra(Pearl Millet/Cumbu),Other,FAQ,1700,2000,1800,22-May-17
696,Thane,Ulhasnagar,Bajra(Pearl Millet/Cumbu),Other,FAQ,1700,2000,1800,18-May-17
697,Thane,Ulhasnagar,Bajra(Pearl Millet/Cumbu),Other,FAQ,1650,2000,1800,17-May-17
698,Thane,Ulhasnagar,Bajra(Pearl Millet/Cumbu),Other,FAQ,1650,2000,1900,15-May-17
699,Thane,Ulhasnagar,Bajra(Pearl Millet/Cumbu),Other,FAQ,1650,2100,1800,11-May-17
700,Thane,Ulhasnagar,Bajra(Pearl Millet/Cumbu),Other,FAQ,1650,2000,1850,9-May-17
701,Thane,Ulhasnagar,Bajra(Pearl Millet/Cumbu),Other,FAQ,1650,2000,1820,6-May-17
702,Thane,Ulhasnagar,Bajra(Pearl Millet/Cumbu),Other,FAQ,1600,2000,1800,5-May-17
703,Thane,Ulhasnagar,Bajra(Pearl Millet/Cumbu),Other,FAQ,1650,2000,1900,4-May-17
704,Thane,Ulhasnagar,Bajra(Pearl Millet/Cumbu),Other,FAQ,1650,2100,1900,3-May-17
705,Thane,Ulhasnagar,Bajra(Pearl Millet/Cumbu),Other,FAQ,1600,2100,2000,29-Apr-17
706,Thane,Ulhasnagar,Bajra(Pearl Millet/Cumbu),Other,FAQ,1650,2150,1950,28-Apr-17
707,Thane,Ulhasnagar,Bajra(Pearl Millet/Cumbu),Other,FAQ,1650,2000,1800,24-Apr-17
708,Thane,Ulhasnagar,Bajra(Pearl Millet/Cumbu),Other,FAQ,1650,2000,1900,22-Apr-17
709,Thane,Ulhasnagar,Bajra(Pearl Millet/Cumbu),Other,FAQ,1600,2000,1800,21-Apr-17
710,Thane,Ulhasnagar,Bajra(Pearl Millet/Cumbu),Other,FAQ,1600,2100,1900,18-Apr-17
711,Thane,Ulhasnagar,Bajra(Pearl Millet/Cumbu),Other,FAQ,1600,2000,1850,17-Apr-17
712,Thane,Ulhasnagar,Bajra(Pearl Millet/Cumbu),Other,FAQ,1600,2100,1900,15-Apr-17
713,Thane,Ulhasnagar,Bajra(Pearl Millet/Cumbu),Other,FAQ,1700,2100,1850,13-Apr-17
714,Thane,Ulhasnagar,Bajra(Pearl Millet/Cumbu),Other,FAQ,1800,2300,2100,12-Apr-17
715,Thane,Ulhasnagar,Bajra(Pearl Millet/Cumbu),Other,FAQ,1700,2200,2000,11-Apr-17
716,Thane,Ulhasnagar,Bajra(Pearl Millet/Cumbu),Other,FAQ,1652,2000,1900,10-Apr-17
717,Thane,Ulhasnagar,Bajra(Pearl Millet/Cumbu),Other,FAQ,1700,2100,1900,6-Apr-17
718,Thane,Ulhasnagar,Bajra(Pearl Millet/Cumbu),Other,FAQ,1700,2100,1900,5-Apr-17
719,Thane,Ulhasnagar,Bajra(Pearl Millet/Cumbu),Other,FAQ,1700,2150,1950,3-Apr-17
720,Thane,Ulhasnagar,Bajra(Pearl Millet/Cumbu),Other,FAQ,1700,2100,2000,1-Apr-17
721,Thane,Ulhasnagar,Bajra(Pearl Millet/Cumbu),Other,FAQ,1750,2300,2100,31-Mar-17
722,Thane,Ulhasnagar,Bajra(Pearl Millet/Cumbu),Other,FAQ,1700,2100,1900,30-Mar-17
723,Thane,Ulhasnagar,Bajra(Pearl Millet/Cumbu),Other,FAQ,1800,2200,2000,29-Mar-17
724,Thane,Ulhasnagar,Bajra(Pearl Millet/Cumbu),Other,FAQ,1650,2150,1950,27-Mar-17
725,Thane,Ulhasnagar,Bajra(Pearl Millet/Cumbu),Other,FAQ,1800,2200,2000,24-Mar-17
726,Thane,Ulhasnagar,Bajra(Pearl Millet/Cumbu),Other,FAQ,1680,2100,1900,22-Mar-17
727,Thane,Ulhasnagar,Bajra(Pearl Millet/Cumbu),Other,FAQ,1650,2150,1900,21-Mar-17
728,Thane,Ulhasnagar,Bajra(Pearl Millet/Cumbu),Other,FAQ,1650,2000,1900,20-Mar-17
729,Thane,Ulhasnagar,Bajra(Pearl Millet/Cumbu),Other,FAQ,1650,2100,1800,18-Mar-17
730,Thane,Ulhasnagar,Bajra(Pearl Millet/Cumbu),Other,FAQ,1650,2100,1900,17-Mar-17
731,Thane,Ulhasnagar,Bajra(Pearl Millet/Cumbu),Other,FAQ,1650,2000,1800,16-Mar-17
732,Thane,Ulhasnagar,Bajra(Pearl Millet/Cumbu),Other,FAQ,1650,2100,1900,15-Mar-17
733,Thane,Ulhasnagar,Bajra(Pearl Millet/Cumbu),Other,FAQ,1650,2100,1900,14-Mar-17
734,Thane,Ulhasnagar,Bajra(Pearl Millet/Cumbu),Other,FAQ,1650,2100,1850,11-Mar-17
735,Thane,Ulhasnagar,Bajra(Pearl Millet/Cumbu),Other,FAQ,1600,2000,1800,10-Mar-17
736,Thane,Ulhasnagar,Bajra(Pearl Millet/Cumbu),Other,FAQ,1650,2100,1950,9-Mar-17
737,Thane,Ulhasnagar,Bajra(Pearl Millet/Cumbu),Other,FAQ,1650,2100,1800,8-Mar-17
738,Thane,Ulhasnagar,Bajra(Pearl Millet/Cumbu),Other,FAQ,1650,2150,1800,7-Mar-17
739,Thane,Ulhasnagar,Bajra(Pearl Millet/Cumbu),Other,FAQ,1600,2100,1800,6-Mar-17
740,Thane,Ulhasnagar,Bajra(Pearl Millet/Cumbu),Other,FAQ,1650,2000,1800,4-Mar-17
741,Thane,Ulhasnagar,Bajra(Pearl Millet/Cumbu),Other,FAQ,1700,2000,1800,3-Mar-17
742,Thane,Ulhasnagar,Bajra(Pearl Millet/Cumbu),Other,FAQ,1650,2100,2000,1-Mar-17
743,Thane,Ulhasnagar,Bajra(Pearl Millet/Cumbu),Other,FAQ,1650,2150,1900,28-Feb-17
744,Thane,Ulhasnagar,Bajra(Pearl Millet/Cumbu),Other,FAQ,1650,2100,1900,27-Feb-17
745,Thane,Ulhasnagar,Bajra(Pearl Millet/Cumbu),Other,FAQ,1650,2150,1900,22-Feb-17
746,Thane,Ulhasnagar,Bajra(Pearl Millet/Cumbu),Other,FAQ,1650,2200,2000,17-Feb-17
747,Thane,Ulhasnagar,Bajra(Pearl Millet/Cumbu),Other,FAQ,1650,2100,2000,16-Feb-17
748,Thane,Ulhasnagar,Bajra(Pearl Millet/Cumbu),Other,FAQ,1700,2100,1900,15-Feb-17
749,Thane,Ulhasnagar,Bajra(Pearl Millet/Cumbu),Other,FAQ,1650,2150,2000,14-Feb-17
750,Thane,Ulhasnagar,Bajra(Pearl Millet/Cumbu),Other,FAQ,1750,2250,2100,13-Feb-17
751,Thane,Ulhasnagar,Bajra(Pearl Millet/Cumbu),Other,FAQ,1650,2000,1850,11-Feb-17
752,Thane,Ulhasnagar,Bajra(Pearl Millet/Cumbu),Other,FAQ,1650,2150,1850,10-Feb-17
753,Thane,Ulhasnagar,Bajra(Pearl Millet/Cumbu),Other,FAQ,1600,2100,1900,9-Feb-17
754,Thane,Ulhasnagar,Bajra(Pearl Millet/Cumbu),Other,FAQ,1650,2150,2000,8-Feb-17
755,Thane,Ulhasnagar,Bajra(Pearl Millet/Cumbu),Other,FAQ,1650,2150,1800,7-Feb-17
756,Thane,Ulhasnagar,Bajra(Pearl Millet/Cumbu),Other,FAQ,1650,2150,1800,6-Feb-17
757,Thane,Ulhasnagar,Bajra(Pearl Millet/Cumbu),Other,FAQ,1650,2150,1900,4-Feb-17
758,Thane,Ulhasnagar,Bajra(Pearl Millet/Cumbu),Other,FAQ,1620,2100,1800,3-Feb-17
759,Thane,Ulhasnagar,Bajra(Pearl Millet/Cumbu),Other,FAQ,1600,2100,1800,2-Feb-17
760,Thane,Ulhasnagar,Bajra(Pearl Millet/Cumbu),Other,FAQ,1650,2050,1850,1-Feb-17
761,Thane,Ulhasnagar,Bajra(Pearl Millet/Cumbu),Other,FAQ,1600,2000,1800,31-Jan-17
762,Thane,Ulhasnagar,Bajra(Pearl Millet/Cumbu),Other,FAQ,1600,2100,1800,30-Jan-17
763,Thane,Ulhasnagar,Bajra(Pearl Millet/Cumbu),Other,FAQ,1600,2000,1800,27-Jan-17
764,Thane,Ulhasnagar,Bajra(Pearl Millet/Cumbu),Other,FAQ,1600,2000,1800,25-Jan-17
765,Thane,Ulhasnagar,Bajra(Pearl Millet/Cumbu),Other,FAQ,1600,2000,1800,24-Jan-17
766,Thane,Ulhasnagar,Bajra(Pearl Millet/Cumbu),Other,FAQ,1600,2100,1800,19-Jan-17
767,Thane,Ulhasnagar,Bajra(Pearl Millet/Cumbu),Other,FAQ,1600,2100,1800,18-Jan-17
768,Thane,Ulhasnagar,Bajra(Pearl Millet/Cumbu),Other,FAQ,1600,2100,1920,17-Jan-17
769,Thane,Ulhasnagar,Bajra(Pearl Millet/Cumbu),Other,FAQ,1600,2000,1800,16-Jan-17
770,Thane,Ulhasnagar,Bajra(Pearl Millet/Cumbu),Other,FAQ,1600,2000,1800,13-Jan-17
771,Thane,Ulhasnagar,Bajra(Pearl Millet/Cumbu),Other,FAQ,1600,2000,1800,12-Jan-17
772,Thane,Ulhasnagar,Bajra(Pearl Millet/Cumbu),Other,FAQ,1600,2000,1700,10-Jan-17
773,Thane,Ulhasnagar,Bajra(Pearl Millet/Cumbu),Other,FAQ,1600,2100,1900,9-Jan-17
774,Thane,Ulhasnagar,Bajra(Pearl Millet/Cumbu),Other,FAQ,1600,2100,1800,7-Jan-17
775,Thane,Ulhasnagar,Bajra(Pearl Millet/Cumbu),Other,FAQ,1600,2000,1800,4-Jan-17
776,Thane,Ulhasnagar,Bajra(Pearl Millet/Cumbu),Other,FAQ,1600,2100,1900,3-Jan-17
777,Thane,Ulhasnagar,Bajra(Pearl Millet/Cumbu),Other,FAQ,1600,2100,1900,2-Jan-17
778,Thane,Ulhasnagar,Bajra(Pearl Millet/Cumbu),Other,FAQ,1600,2100,1800,31-Dec-16
779,Thane,Ulhasnagar,Bajra(Pearl Millet/Cumbu),Other,FAQ,1600,2100,1900,30-Dec-16
780,Thane,Ulhasnagar,Bajra(Pearl Millet/Cumbu),Other,FAQ,1600,2100,1900,28-Dec-16
781,Thane,Ulhasnagar,Bajra(Pearl Millet/Cumbu),Other,FAQ,1600,2100,1800,27-Dec-16
782,Thane,Ulhasnagar,Bajra(Pearl Millet/Cumbu),Other,FAQ,1600,2000,1800,26-Dec-16
783,Thane,Ulhasnagar,Bajra(Pearl Millet/Cumbu),Other,FAQ,1600,2200,2000,22-Dec-16
784,Thane,Ulhasnagar,Bajra(Pearl Millet/Cumbu),Other,FAQ,1600,2200,1900,20-Dec-16
785,Thane,Ulhasnagar,Bajra(Pearl Millet/Cumbu),Other,FAQ,1600,2200,1900,17-Dec-16
786,Thane,Ulhasnagar,Bajra(Pearl Millet/Cumbu),Other,FAQ,1600,2300,2100,16-Dec-16
787,Thane,Ulhasnagar,Bajra(Pearl Millet/Cumbu),Other,FAQ,1600,2200,1900,15-Dec-16
788,Thane,Ulhasnagar,Bajra(Pearl Millet/Cumbu),Other,FAQ,1600,2100,1800,14-Dec-16
789,Thane,Ulhasnagar,Bajra(Pearl Millet/Cumbu),Other,FAQ,1600,2100,1800,13-Dec-16
790,Thane,Ulhasnagar,Bajra(Pearl Millet/Cumbu),Other,FAQ,1600,2100,2000,9-Dec-16
791,Thane,Ulhasnagar,Bajra(Pearl Millet/Cumbu),Other,FAQ,1600,2100,1800,7-Dec-16
792,Thane,Ulhasnagar,Bajra(Pearl Millet/Cumbu),Other,FAQ,1600,2200,1850,6-Dec-16
793,Thane,Ulhasnagar,Bajra(Pearl Millet/Cumbu),Other,FAQ,1600,2200,2000,5-Dec-16
794,Thane,Ulhasnagar,Bajra(Pearl Millet/Cumbu),Other,FAQ,1600,2200,2000,3-Dec-16
795,Thane,Ulhasnagar,Bajra(Pearl Millet/Cumbu),Other,FAQ,1660,2100,2000,1-Dec-16
796,Thane,Ulhasnagar,Bajra(Pearl Millet/Cumbu),Other,FAQ,1600,2100,1800,29-Nov-16
797,Thane,Ulhasnagar,Bajra(Pearl Millet/Cumbu),Other,FAQ,1600,2010,1800,28-Nov-16
798,Thane,Ulhasnagar,Bajra(Pearl Millet/Cumbu),Other,FAQ,1600,2000,1800,25-Nov-16
799,Thane,Ulhasnagar,Bajra(Pearl Millet/Cumbu),Other,FAQ,1500,2200,1900,24-Nov-16
800,Thane,Ulhasnagar,Bajra(Pearl Millet/Cumbu),Other,FAQ,1600,2200,2000,23-Nov-16
801,Thane,Ulhasnagar,Bajra(Pearl Millet/Cumbu),Other,FAQ,1600,2200,2000,22-Nov-16
802,Thane,Ulhasnagar,Bajra(Pearl Millet/Cumbu),Other,FAQ,1600,2200,2000,19-Nov-16
803,Thane,Ulhasnagar,Bajra(Pearl Millet/Cumbu),Other,FAQ,1600,2100,2000,18-Nov-16
804,Thane,Ulhasnagar,Bajra(Pearl Millet/Cumbu),Other,FAQ,1600,2200,2000,17-Nov-16
805,Thane,Ulhasnagar,Bajra(Pearl Millet/Cumbu),Other,FAQ,1600,2100,1900,16-Nov-16
806,Thane,Ulhasnagar,Bajra(Pearl Millet/Cumbu),Other,FAQ,1620,2000,1800,15-Nov-16
807,Thane,Ulhasnagar,Bajra(Pearl Millet/Cumbu),Other,FAQ,1600,2000,1800,10-Nov-16
808,Thane,Ulhasnagar,Bajra(Pearl Millet/Cumbu),Other,FAQ,1600,2000,1800,9-Nov-16
809,Thane,Ulhasnagar,Bajra(Pearl Millet/Cumbu),Other,FAQ,1600,1900,1800,8-Nov-16
810,Thane,Ulhasnagar,Bajra(Pearl Millet/Cumbu),Other,FAQ,1600,2000,1800,7-Nov-16
811,Thane,Ulhasnagar,Bajra(Pearl Millet/Cumbu),Other,FAQ,1500,2000,1800,5-Nov-16
812,Thane,Ulhasnagar,Bajra(Pearl Millet/Cumbu),Other,FAQ,1500,2000,1900,4-Nov-16
813,Thane,Ulhasnagar,Bajra(Pearl Millet/Cumbu),Other,FAQ,1600,2200,2000,3-Nov-16
814,Thane,Ulhasnagar,Bajra(Pearl Millet/Cumbu),Other,FAQ,1600,2200,2000,2-Nov-16
815,Thane,Ulhasnagar,Bajra(Pearl Millet/Cumbu),Other,FAQ,1700,2400,2100,29-Oct-16
816,Thane,Ulhasnagar,Bajra(Pearl Millet/Cumbu),Other,FAQ,1600,2200,2000,28-Oct-16
817,Thane,Ulhasnagar,Bajra(Pearl Millet/Cumbu),Other,FAQ,1600,2200,2000,26-Oct-16
818,Thane,Ulhasnagar,Bajra(Pearl Millet/Cumbu),Other,FAQ,1600,2200,1921,24-Oct-16
819,Thane,Ulhasnagar,Bajra(Pearl Millet/Cumbu),Other,FAQ,1500,2200,2000,20-Oct-16
820,Thane,Ulhasnagar,Bajra(Pearl Millet/Cumbu),Other,FAQ,1600,2000,1820,19-Oct-16
821,Thane,Ulhasnagar,Bajra(Pearl Millet/Cumbu),Other,FAQ,1600,2200,2000,17-Oct-16
822,Thane,Ulhasnagar,Bajra(Pearl Millet/Cumbu),Other,FAQ,1600,2200,2000,15-Oct-16
823,Thane,Ulhasnagar,Bajra(Pearl Millet/Cumbu),Other,FAQ,1600,2200,2000,13-Oct-16
824,Thane,Ulhasnagar,Bajra(Pearl Millet/Cumbu),Other,FAQ,1600,2200,1900,10-Oct-16
825,Thane,Ulhasnagar,Bajra(Pearl Millet/Cumbu),Other,FAQ,1600,2000,1800,7-Oct-16
826,Thane,Ulhasnagar,Bajra(Pearl Millet/Cumbu),Other,FAQ,1500,2200,2000,4-Oct-16
827,Thane,Ulhasnagar,Bajra(Pearl Millet/Cumbu),Other,FAQ,1500,2100,1800,3-Oct-16
828,Thane,Ulhasnagar,Bajra(Pearl Millet/Cumbu),Other,FAQ,1800,2200,2000,30-Sep-16
829,Thane,Ulhasnagar,Bajra(Pearl Millet/Cumbu),Other,FAQ,1600,2000,1800,27-Sep-16
830,Thane,Ulhasnagar,Bajra(Pearl Millet/Cumbu),Other,FAQ,1500,2000,1800,23-Sep-16
831,Thane,Ulhasnagar,Bajra(Pearl Millet/Cumbu),Other,FAQ,2000,2600,2300,19-Sep-16
832,Thane,Ulhasnagar,Bajra(Pearl Millet/Cumbu),Other,FAQ,1800,2500,2200,17-Sep-16
833,Thane,Ulhasnagar,Bajra(Pearl Millet/Cumbu),Other,FAQ,2000,2500,2200,12-Sep-16
834,Thane,Ulhasnagar,Bajra(Pearl Millet/Cumbu),Other,FAQ,2000,2600,2300,6-Sep-16
835,Thane,Ulhasnagar,Bajra(Pearl Millet/Cumbu),Other,FAQ,2000,3000,2500,3-Sep-16
836,Thane,Ulhasnagar,Bajra(Pearl Millet/Cumbu),Other,FAQ,3000,4000,3500,2-Sep-16
837,Thane,Ulhasnagar,Bajra(Pearl Millet/Cumbu),Other,FAQ,2000,2500,2200,1-Sep-16
838,Thane,Ulhasnagar,Bajra(Pearl Millet/Cumbu),Other,FAQ,2000,2500,2200,31-Aug-16
839,Thane,Ulhasnagar,Bajra(Pearl Millet/Cumbu),Other,FAQ,2000,2600,2400,26-Aug-16
840,Thane,Ulhasnagar,Bajra(Pearl Millet/Cumbu),Other,FAQ,1600,2600,2400,25-Aug-16
841,Thane,Ulhasnagar,Bajra(Pearl Millet/Cumbu),Other,FAQ,1600,2800,2200,23-Aug-16
842,Thane,Ulhasnagar,Bajra(Pearl Millet/Cumbu),Other,FAQ,1500,2800,2400,20-Aug-16
843,Thane,Ulhasnagar,Bajra(Pearl Millet/Cumbu),Other,FAQ,1800,2800,2400,19-Aug-16
844,Thane,Ulhasnagar,Bajra(Pearl Millet/Cumbu),Other,FAQ,2000,2800,2400,12-Aug-16
845,Thane,Ulhasnagar,Bajra(Pearl Millet/Cumbu),Other,FAQ,1600,2600,2000,10-Aug-16
846,Thane,Ulhasnagar,Bajra(Pearl Millet/Cumbu),Other,FAQ,2000,3000,2200,8-Aug-16
847,Thane,Ulhasnagar,Bajra(Pearl Millet/Cumbu),Other,FAQ,1500,2500,2000,5-Aug-16
848,Thane,Ulhasnagar,Bajra(Pearl Millet/Cumbu),Other,FAQ,1600,2500,2000,3-Aug-16
849,Thane,Ulhasnagar,Bajra(Pearl Millet/Cumbu),Other,FAQ,1600,2200,1900,1-Aug-16
850,Thane,Ulhasnagar,Bajra(Pearl Millet/Cumbu),Other,FAQ,1600,2500,2000,28-Jul-16
851,Thane,Ulhasnagar,Bajra(Pearl Millet/Cumbu),Other,FAQ,1600,3000,2200,27-Jul-16
852,Thane,Ulhasnagar,Bajra(Pearl Millet/Cumbu),Other,FAQ,1600,2500,2000,25-Jul-16
853,Thane,Ulhasnagar,Bajra(Pearl Millet/Cumbu),Other,FAQ,1600,2600,2200,22-Jul-16
854,Thane,Ulhasnagar,Bajra(Pearl Millet/Cumbu),Other,FAQ,2000,3000,2500,19-Jul-16
855,Thane,Ulhasnagar,Bajra(Pearl Millet/Cumbu),Other,FAQ,1800,2500,2000,16-Jul-16
856,Thane,Ulhasnagar,Bajra(Pearl Millet/Cumbu),Other,FAQ,1600,2500,2000,14-Jul-16
857,Thane,Ulhasnagar,Bajra(Pearl Millet/Cumbu),Other,FAQ,1600,2500,2000,12-Jul-16
858,Thane,Ulhasnagar,Bajra(Pearl Millet/Cumbu),Other,FAQ,1500,2200,2000,9-Jul-16
859,Thane,Ulhasnagar,Bajra(Pearl Millet/Cumbu),Other,FAQ,1500,2200,1800,8-Jul-16
860,Thane,Ulhasnagar,Bajra(Pearl Millet/Cumbu),Other,FAQ,1600,2500,2000,4-Jul-16
861,Thane,Ulhasnagar,Bajra(Pearl Millet/Cumbu),Other,FAQ,1600,2700,2000,30-Jun-16
862,Thane,Ulhasnagar,Bajra(Pearl Millet/Cumbu),Other,FAQ,1600,2200,1900,28-Jun-16
863,Thane,Ulhasnagar,Bajra(Pearl Millet/Cumbu),Other,FAQ,1800,2500,2000,25-Jun-16
864,Thane,Ulhasnagar,Bajra(Pearl Millet/Cumbu),Other,FAQ,1700,2500,2000,22-Jun-16
865,Thane,Ulhasnagar,Bajra(Pearl Millet/Cumbu),Other,FAQ,1500,2500,1900,21-Jun-16
866,Thane,Ulhasnagar,Bajra(Pearl Millet/Cumbu),Other,FAQ,1800,2000,1900,18-Jun-16
867,Thane,Ulhasnagar,Bajra(Pearl Millet/Cumbu),Other,FAQ,1700,2800,2200,16-Jun-16
868,Thane,Ulhasnagar,Bajra(Pearl Millet/Cumbu),Other,FAQ,1800,2500,2000,13-Jun-16
869,Thane,Ulhasnagar,Bajra(Pearl Millet/Cumbu),Other,FAQ,2000,2500,2200,11-Jun-16
870,Thane,Ulhasnagar,Bajra(Pearl Millet/Cumbu),Other,FAQ,2000,2500,2200,8-Jun-16
871,Thane,Ulhasnagar,Bajra(Pearl Millet/Cumbu),Other,FAQ,1600,2200,2000,6-Jun-16
872,Thane,Ulhasnagar,Bajra(Pearl Millet/Cumbu),Other,FAQ,1700,2500,2000,4-Jun-16
873,Thane,Ulhasnagar,Bajra(Pearl Millet/Cumbu),Other,FAQ,1700,2500,2000,2-Jun-16
874,Thane,Ulhasnagar,Bajra(Pearl Millet/Cumbu),Other,FAQ,1500,2500,2000,1-Jun-16
875,Thane,Ulhasnagar,Bajra(Pearl Millet/Cumbu),Other,FAQ,2000,3000,2500,28-May-16
876,Thane,Ulhasnagar,Bajra(Pearl Millet/Cumbu),Other,FAQ,2000,3000,2500,27-May-16
877,Thane,Ulhasnagar,Bajra(Pearl Millet/Cumbu),Other,FAQ,2000,3000,2500,25-May-16
878,Thane,Ulhasnagar,Bajra(Pearl Millet/Cumbu),Other,FAQ,2000,3200,2400,24-May-16
879,Thane,Ulhasnagar,Bajra(Pearl Millet/Cumbu),Other,FAQ,2000,3200,2600,23-May-16
880,Thane,Ulhasnagar,Bajra(Pearl Millet/Cumbu),Other,FAQ,2000,3200,2500,20-May-16
881,Thane,Ulhasnagar,Bajra(Pearl Millet/Cumbu),Other,FAQ,2000,3000,2500,19-May-16
882,Thane,Ulhasnagar,Bajra(Pearl Millet/Cumbu),Other,FAQ,2000,3000,2500,13-May-16
883,Thane,Ulhasnagar,Bajra(Pearl Millet/Cumbu),Other,FAQ,2000,3200,2400,10-May-16
884,Thane,Ulhasnagar,Bajra(Pearl Millet/Cumbu),Other,FAQ,1800,2800,2400,9-May-16
885,Thane,Ulhasnagar,Bajra(Pearl Millet/Cumbu),Other,FAQ,2000,3200,2600,5-May-16
886,Thane,Ulhasnagar,Bajra(Pearl Millet/Cumbu),Other,FAQ,2000,2600,2200,4-May-16
887,Thane,Ulhasnagar,Bajra(Pearl Millet/Cumbu),Other,FAQ,2000,3000,2500,3-May-16
888,Thane,Ulhasnagar,Bajra(Pearl Millet/Cumbu),Other,FAQ,2000,3200,2500,1-May-16
889,Thane,Ulhasnagar,Bajra(Pearl Millet/Cumbu),Other,FAQ,2000,3000,2500,29-Apr-16
890,Thane,Ulhasnagar,Bajra(Pearl Millet/Cumbu),Other,FAQ,2000,3000,2400,25-Apr-16
891,Thane,Ulhasnagar,Bajra(Pearl Millet/Cumbu),Other,FAQ,2000,3200,2600,20-Apr-16
892,Thane,Ulhasnagar,Bajra(Pearl Millet/Cumbu),Other,FAQ,1800,2800,2600,18-Apr-16
893,Thane,Ulhasnagar,Bajra(Pearl Millet/Cumbu),Other,FAQ,2200,3000,2400,11-Apr-16
894,Thane,Ulhasnagar,Bajra(Pearl Millet/Cumbu),Other,FAQ,1800,2820,2150,6-Apr-16
895,Thane,Ulhasnagar,Bajra(Pearl Millet/Cumbu),Other,FAQ,2000,3000,2500,5-Apr-16
896,Thane,Ulhasnagar,Bajra(Pearl Millet/Cumbu),Other,FAQ,2000,2800,2400,29-Mar-16
897,Thane,Ulhasnagar,Bajra(Pearl Millet/Cumbu),Other,FAQ,2000,3000,2400,28-Mar-16
898,Thane,Ulhasnagar,Bajra(Pearl Millet/Cumbu),Other,FAQ,2000,3000,2500,21-Mar-16
899,Thane,Ulhasnagar,Bajra(Pearl Millet/Cumbu),Other,FAQ,1800,2800,2400,17-Mar-16
900,Thane,Ulhasnagar,Bajra(Pearl Millet/Cumbu),Other,FAQ,1800,2850,2100,16-Mar-16
901,Thane,Ulhasnagar,Bajra(Pearl Millet/Cumbu),Other,FAQ,2000,3000,2500,14-Mar-16
902,Thane,Ulhasnagar,Bajra(Pearl Millet/Cumbu),Other,FAQ,2000,3000,2500,8-Mar-16
903,Thane,Ulhasnagar,Bajra(Pearl Millet/Cumbu),Other,FAQ,2000,3000,2500,5-Mar-16
904,Thane,Ulhasnagar,Bajra(Pearl Millet/Cumbu),Other,FAQ,2000,3000,2500,4-Mar-16
905,Thane,Ulhasnagar,Bajra(Pearl Millet/Cumbu),Other,FAQ,2000,3000,2500,3-Mar-16
906,Thane,Ulhasnagar,Bajra(Pearl Millet/Cumbu),Other,FAQ,2000,3000,2500,2-Mar-16
907,Thane,Ulhasnagar,Bajra(Pearl Millet/Cumbu),Other,FAQ,2000,3000,2500,1-Mar-16
908,Thane,Ulhasnagar,Bajra(Pearl Millet/Cumbu),Other,FAQ,2000,3000,2500,29-Feb-16
909,Thane,Ulhasnagar,Bajra(Pearl Millet/Cumbu),Other,FAQ,2000,2600,2300,25-Feb-16
910,Thane,Ulhasnagar,Bajra(Pearl Millet/Cumbu),Other,FAQ,2000,2800,2400,20-Feb-16
911,Thane,Ulhasnagar,Bajra(Pearl Millet/Cumbu),Other,FAQ,2000,3000,2500,11-Feb-16
912,Thane,Ulhasnagar,Bajra(Pearl Millet/Cumbu),Other,FAQ,1800,2800,2300,9-Feb-16
913,Thane,Ulhasnagar,Bajra(Pearl Millet/Cumbu),Other,FAQ,2000,3000,2500,5-Feb-16
914,Thane,Ulhasnagar,Bajra(Pearl Millet/Cumbu),Other,FAQ,1800,2800,2300,4-Feb-16
915,Thane,Ulhasnagar,Bajra(Pearl Millet/Cumbu),Other,FAQ,2000,3000,2500,3-Feb-16
916,Thane,Ulhasnagar,Bajra(Pearl Millet/Cumbu),Other,FAQ,2000,3000,2500,22-Jan-16
917,Thane,Ulhasnagar,Bajra(Pearl Millet/Cumbu),Other,FAQ,2000,3000,2500,21-Jan-16
918,Thane,Ulhasnagar,Bajra(Pearl Millet/Cumbu),Other,FAQ,2000,3000,2500,20-Jan-16
919,Thane,Ulhasnagar,Bajra(Pearl Millet/Cumbu),Other,FAQ,2000,3000,2500,19-Jan-16
920,Thane,Ulhasnagar,Bajra(Pearl Millet/Cumbu),Other,FAQ,2000,3000,2500,18-Jan-16
921,Thane,Ulhasnagar,Bajra(Pearl Millet/Cumbu),Other,FAQ,2000,3000,2500,16-Jan-16
922,Thane,Ulhasnagar,Bajra(Pearl Millet/Cumbu),Other,FAQ,2000,3000,2500,15-Jan-16
923,Thane,Ulhasnagar,Bajra(Pearl Millet/Cumbu),Other,FAQ,2000,3000,2500,14-Jan-16
924,Thane,Ulhasnagar,Bajra(Pearl Millet/Cumbu),Other,FAQ,2000,2800,2400,13-Jan-16
925,Thane,Ulhasnagar,Bajra(Pearl Millet/Cumbu),Other,FAQ,1500,2500,2000,11-Jan-16
926,Thane,Ulhasnagar,Bajra(Pearl Millet/Cumbu),Other,FAQ,2000,3000,2500,9-Jan-16
927,Thane,Ulhasnagar,Bajra(Pearl Millet/Cumbu),Other,FAQ,1500,2000,1750,8-Jan-16
928,Thane,Ulhasnagar,Bajra(Pearl Millet/Cumbu),Other,FAQ,2000,3200,2600,7-Jan-16
929,Thane,Ulhasnagar,Bajra(Pearl Millet/Cumbu),Other,FAQ,1500,1800,1650,6-Jan-16
930,Thane,Ulhasnagar,Bajra(Pearl Millet/Cumbu),Other,FAQ,1400,2000,1700,5-Jan-16
931,Thane,Ulhasnagar,Bajra(Pearl Millet/Cumbu),Other,FAQ,2000,3000,2500,4-Jan-16
932,Thane,Ulhasnagar,Bajra(Pearl Millet/Cumbu),Other,FAQ,2000,2800,2400,2-Jan-16
933,Thane,Ulhasnagar,Bajra(Pearl Millet/Cumbu),Other,FAQ,2000,3000,2500,1-Jan-16
934,Thane,Ulhasnagar,Bajra(Pearl Millet/Cumbu),Other,FAQ,2000,3000,2500,28-Dec-15
935,Thane,Ulhasnagar,Bajra(Pearl Millet/Cumbu),Other,FAQ,1500,2500,2000,26-Dec-15
936,Thane,Ulhasnagar,Bajra(Pearl Millet/Cumbu),Other,FAQ,2000,3000,2500,22-Dec-15
937,Thane,Ulhasnagar,Bajra(Pearl Millet/Cumbu),Other,FAQ,2000,3000,2500,21-Dec-15
938,Thane,Ulhasnagar,Bajra(Pearl Millet/Cumbu),Other,FAQ,2000,3000,2500,19-Dec-15
939,Thane,Ulhasnagar,Bajra(Pearl Millet/Cumbu),Other,FAQ,2000,3200,2600,18-Dec-15
940,Thane,Ulhasnagar,Bajra(Pearl Millet/Cumbu),Other,FAQ,2000,3200,2600,17-Dec-15
941,Thane,Ulhasnagar,Bajra(Pearl Millet/Cumbu),Other,FAQ,4500,7500,6000,16-Dec-15
942,Thane,Ulhasnagar,Bajra(Pearl Millet/Cumbu),Other,FAQ,4500,7500,6000,15-Dec-15
943,Thane,Ulhasnagar,Bajra(Pearl Millet/Cumbu),Other,FAQ,4500,7500,6000,14-Dec-15
944,Thane,Ulhasnagar,Bajra(Pearl Millet/Cumbu),Other,FAQ,5000,8000,6850,12-Dec-15
945,Thane,Ulhasnagar,Bajra(Pearl Millet/Cumbu),Other,FAQ,1600,2000,1800,11-Dec-15
946,Thane,Ulhasnagar,Bajra(Pearl Millet/Cumbu),Other,FAQ,1800,2200,2000,10-Dec-15
947,Thane,Ulhasnagar,Bajra(Pearl Millet/Cumbu),Other,FAQ,2500,2800,2600,9-Dec-15
948,Thane,Ulhasnagar,Bajra(Pearl Millet/Cumbu),Other,FAQ,3000,4000,3500,8-Dec-15
949,Thane,Ulhasnagar,Bajra(Pearl Millet/Cumbu),Other,FAQ,2200,3200,2600,7-Dec-15
950,Thane,Ulhasnagar,Bajra(Pearl Millet/Cumbu),Other,FAQ,5000,10000,6000,21-Nov-13
951,Thane,Ulhasnagar,Bajra(Pearl Millet/Cumbu),Other,FAQ,1000,1300,1100,5-Aug-13
952,Thane,Ulhasnagar,Bajra(Pearl Millet/Cumbu),Other,FAQ,1300,1500,1400,22-Jul-13
953,Thane,Ulhasnagar,Bajra(Pearl Millet/Cumbu),Other,FAQ,1500,1800,1600,18-Jul-13
954,Thane,Ulhasnagar,Bajra(Pearl Millet/Cumbu),Other,FAQ,1000,1200,1100,1-Jul-13
955,Thane,Ulhasnagar,Bajra(Pearl Millet/Cumbu),Other,FAQ,900,1100,1000,24-Jun-13
956,Thane,Ulhasnagar,Bajra(Pearl Millet/Cumbu),Other,FAQ,1000,1300,1100,17-Jun-13
957,Thane,Ulhasnagar,Bajra(Pearl Millet/Cumbu),Other,FAQ,900,1100,1000,10-Jun-13
958,Thane,Ulhasnagar,Bajra(Pearl Millet/Cumbu),Other,FAQ,900,1100,1000,3-Jun-13
959,Thane,Ulhasnagar,Bajra(Pearl Millet/Cumbu),Other,FAQ,1000,1300,1100,28-May-13
960,Thane,Ulhasnagar,Bajra(Pearl Millet/Cumbu),Other,FAQ,900,1100,1000,20-May-13
961,Thane,Ulhasnagar,Bajra(Pearl Millet/Cumbu),Other,FAQ,900,1100,1000,14-May-13
962,Thane,Ulhasnagar,Bajra(Pearl Millet/Cumbu),Other,FAQ,1000,1300,1100,25-Apr-13
963,Thane,Ulhasnagar,Bajra(Pearl Millet/Cumbu),Other,FAQ,1000,1300,1100,20-Apr-13
964,Thane,Ulhasnagar,Bajra(Pearl Millet/Cumbu),Other,FAQ,1000,1300,1100,9-Apr-13
965,Thane,Ulhasnagar,Bajra(Pearl Millet/Cumbu),Other,FAQ,900,1100,1000,1-Apr-13
966,Thane,Ulhasnagar,Bajra(Pearl Millet/Cumbu),Other,FAQ,1000,1200,1100,18-Mar-13
967,Thane,Ulhasnagar,Bajra(Pearl Millet/Cumbu),Other,FAQ,1000,1300,1100,11-Mar-13
968,Thane,Ulhasnagar,Bajra(Pearl Millet/Cumbu),Other,FAQ,1000,1300,1100,5-Mar-13
969,Thane,Ulhasnagar,Bajra(Pearl Millet/Cumbu),Other,FAQ,1000,1300,1100,27-Feb-13
970,Thane,Ulhasnagar,Bajra(Pearl Millet/Cumbu),Other,FAQ,900,1200,1000,21-Feb-13
971,Thane,Ulhasnagar,Bajra(Pearl Millet/Cumbu),Other,FAQ,1000,1400,1200,11-Feb-13
972,Thane,Ulhasnagar,Bajra(Pearl Millet/Cumbu),Other,FAQ,1000,1300,1100,7-Feb-13
973,Thane,Ulhasnagar,Bajra(Pearl Millet/Cumbu),Other,FAQ,1000,1300,1200,29-Jan-13
974,Thane,Ulhasnagar,Bajra(Pearl Millet/Cumbu),Other,FAQ,900,1000,950,21-Jan-13
975,Thane,Ulhasnagar,Bajra(Pearl Millet/Cumbu),Other,FAQ,1000,1300,1200,14-Jan-13
976,Thane,Ulhasnagar,Bajra(Pearl Millet/Cumbu),Other,FAQ,1100,1400,1300,7-Jan-13
977,Thane,Ulhasnagar,Bajra(Pearl Millet/Cumbu),Other,FAQ,1200,1400,1300,1-Jan-13
978,Thane,Ulhasnagar,Bajra(Pearl Millet/Cumbu),Other,FAQ,900,1000,950,24-Dec-12
979,Thane,Ulhasnagar,Bajra(Pearl Millet/Cumbu),Other,FAQ,1000,1400,1300,17-Dec-12
980,Thane,Ulhasnagar,Bajra(Pearl Millet/Cumbu),Other,FAQ,900,1200,1000,11-Dec-12
981,Thane,Ulhasnagar,Bajra(Pearl Millet/Cumbu),Other,FAQ,1000,1200,1100,5-Dec-12
982,Thane,Ulhasnagar,Bajra(Pearl Millet/Cumbu),Other,FAQ,900,1100,1000,30-Nov-12
983,Thane,Ulhasnagar,Bajra(Pearl Millet/Cumbu),Other,FAQ,900,1100,1000,17-Nov-12
984,Thane,Ulhasnagar,Bajra(Pearl Millet/Cumbu),Other,FAQ,1000,1200,1100,12-Nov-12
985,Thane,Ulhasnagar,Bajra(Pearl Millet/Cumbu),Other,FAQ,1000,1200,1100,8-Nov-12
986,Thane,Ulhasnagar,Bajra(Pearl Millet/Cumbu),Other,FAQ,900,1100,1000,29-Oct-12
987,Thane,Ulhasnagar,Bajra(Pearl Millet/Cumbu),Other,FAQ,1000,1200,1100,25-Oct-12
988,Thane,Ulhasnagar,Bajra(Pearl Millet/Cumbu),Other,FAQ,1000,1500,1100,20-Oct-12
989,Thane,Ulhasnagar,Bajra(Pearl Millet/Cumbu),Other,FAQ,1000,1200,1100,15-Oct-12
990,Thane,Ulhasnagar,Bajra(Pearl Millet/Cumbu),Other,FAQ,1000,1500,1100,8-Oct-12
991,Thane,Ulhasnagar,Bajra(Pearl Millet/Cumbu),Other,FAQ,1000,1500,1100,1-Oct-12
992,Thane,Ulhasnagar,Bajra(Pearl Millet/Cumbu),Other,FAQ,1000,1500,1100,24-Sep-12
993,Thane,Ulhasnagar,Bajra(Pearl Millet/Cumbu),Other,FAQ,1000,1500,1300,17-Sep-12
994,Thane,Ulhasnagar,Bajra(Pearl Millet/Cumbu),Other,FAQ,1000,1500,1300,10-Sep-12
995,Thane,Ulhasnagar,Bajra(Pearl Millet/Cumbu),Other,FAQ,1200,1400,1300,3-Sep-12
996,Thane,Ulhasnagar,Bajra(Pearl Millet/Cumbu),Other,FAQ,900,1200,1000,27-Aug-12
997,Thane,Ulhasnagar,Bajra(Pearl Millet/Cumbu),Other,FAQ,1500,2500,2000,21-Aug-12
998,Thane,Ulhasnagar,Bajra(Pearl Millet/Cumbu),Other,FAQ,1500,2000,1600,14-Aug-12
999,Thane,Ulhasnagar,Bajra(Pearl Millet/Cumbu),Other,FAQ,1500,2000,1600,6-Aug-12
1000,Thane,Ulhasnagar,Bajra(Pearl Millet/Cumbu),Other,FAQ,1000,1500,1300,30-Jul-12
1001,Thane,Ulhasnagar,Bajra(Pearl Millet/Cumbu),Other,FAQ,1200,1500,1300,23-Jul-12
1002,Thane,Ulhasnagar,Bajra(Pearl Millet/Cumbu),Other,FAQ,1000,1200,1100,16-Jul-12
1003,Thane,Ulhasnagar,Bajra(Pearl Millet/Cumbu),Other,FAQ,1000,1500,1300,10-Jul-12
1004,Thane,Ulhasnagar,Bajra(Pearl Millet/Cumbu),Other,FAQ,1900,2500,2100,9-Jul-12
1005,Thane,Ulhasnagar,Bajra(Pearl Millet/Cumbu),Other,FAQ,1000,1500,1300,2-Jul-12
1006,Thane,Ulhasnagar,Bajra(Pearl Millet/Cumbu),Other,FAQ,1900,2500,2100,25-Jun-12
1007,Thane,Ulhasnagar,Bajra(Pearl Millet/Cumbu),Other,FAQ,1200,1600,1300,18-Jun-12
1008,Thane,Ulhasnagar,Bajra(Pearl Millet/Cumbu),Other,FAQ,1500,2000,1600,11-Jun-12
1009,Thane,Ulhasnagar,Bajra(Pearl Millet/Cumbu),Other,FAQ,2000,2500,2200,4-Jun-12
1010,Thane,Ulhasnagar,Bajra(Pearl Millet/Cumbu),Other,FAQ,3000,3500,3200,29-May-12
1011,Thane,Ulhasnagar,Bajra(Pearl Millet/Cumbu),Other,FAQ,2500,3000,2700,23-May-12
1012,Thane,Ulhasnagar,Bajra(Pearl Millet/Cumbu),Other,FAQ,1000,1500,1100,2-Apr-12
1013,Thane,Ulhasnagar,Bajra(Pearl Millet/Cumbu),Other,FAQ,900,1100,1000,26-Mar-12
1014,Thane,Ulhasnagar,Bajra(Pearl Millet/Cumbu),Other,FAQ,1000,1300,1200,21-Mar-12
1015,Thane,Ulhasnagar,Bajra(Pearl Millet/Cumbu),Other,FAQ,1000,1500,1200,12-Mar-12
1016,Thane,Ulhasnagar,Bajra(Pearl Millet/Cumbu),Other,FAQ,900,1200,1000,6-Mar-12
1017,Thane,Ulhasnagar,Bajra(Pearl Millet/Cumbu),Other,FAQ,1000,1500,1100,26-Feb-12
1018,Thane,Ulhasnagar,Bajra(Pearl Millet/Cumbu),Other,FAQ,900,1100,1000,21-Feb-12
1019,Thane,Ulhasnagar,Bajra(Pearl Millet/Cumbu),Other,FAQ,900,1300,1100,30-Jan-12
1020,Thane,Ulhasnagar,Bajra(Pearl Millet/Cumbu),Other,FAQ,1000,1300,1100,23-Jan-12
1021,Thane,Ulhasnagar,Bajra(Pearl Millet/Cumbu),Other,FAQ,1000,1200,1100,9-Jan-12
1022,Thane,Ulhasnagar,Bajra(Pearl Millet/Cumbu),Other,FAQ,1000,13000,1200,1-Jan-12
1023,Thane,Ulhasnagar,Bajra(Pearl Millet/Cumbu),Other,FAQ,1300,1500,1400,26-Dec-11
1024,Thane,Ulhasnagar,Bajra(Pearl Millet/Cumbu),Other,FAQ,1000,1300,1100,22-Dec-11
1025,Thane,Ulhasnagar,Bajra(Pearl Millet/Cumbu),Other,FAQ,1000,1200,1100,17-Dec-11
1026,Thane,Ulhasnagar,Bajra(Pearl Millet/Cumbu),Other,FAQ,1000,1300,1100,28-Nov-11
1027,Thane,Ulhasnagar,Bajra(Pearl Millet/Cumbu),Other,FAQ,1000,1300,1100,21-Nov-11
1028,Thane,Ulhasnagar,Bajra(Pearl Millet/Cumbu),Other,FAQ,1000,1500,1300,14-Nov-11
1029,Thane,Ulhasnagar,Bajra(Pearl Millet/Cumbu),Other,FAQ,1000,1200,1100,9-Nov-11
1030,Thane,Ulhasnagar,Bajra(Pearl Millet/Cumbu),Other,FAQ,900,1200,1000,31-Oct-11
1031,Thane,Ulhasnagar,Bajra(Pearl Millet/Cumbu),Other,FAQ,1000,1500,1300,24-Oct-11
1032,Thane,Ulhasnagar,Bajra(Pearl Millet/Cumbu),Other,FAQ,1000,1500,1300,18-Oct-11
1033,Thane,Ulhasnagar,Bajra(Pearl Millet/Cumbu),Other,FAQ,1000,1500,1300,10-Oct-11
1034,Thane,Ulhasnagar,Bajra(Pearl Millet/Cumbu),Other,FAQ,1000,1500,1200,3-Oct-11
1035,Thane,Ulhasnagar,Bajra(Pearl Millet/Cumbu),Other,FAQ,1000,1200,1100,27-Sep-11
1036,Thane,Ulhasnagar,Bajra(Pearl Millet/Cumbu),Other,FAQ,1000,1500,1100,19-Sep-11
1037,Thane,Ulhasnagar,Bajra(Pearl Millet/Cumbu),Other,FAQ,1200,1500,1300,12-Sep-11
1038,Thane,Ulhasnagar,Bajra(Pearl Millet/Cumbu),Other,FAQ,1000,1200,1100,7-Sep-11
1039,Thane,Ulhasnagar,Bajra(Pearl Millet/Cumbu),Other,FAQ,900,1100,1000,29-Aug-11
1040,Thane,Ulhasnagar,Bajra(Pearl Millet/Cumbu),Other,FAQ,900,1000,950,23-Aug-11
1041,Thane,Ulhasnagar,Bajra(Pearl Millet/Cumbu),Other,FAQ,900,1000,950,8-Aug-11
1042,Thane,Ulhasnagar,Bajra(Pearl Millet/Cumbu),Other,FAQ,1500,1700,1600,1-Aug-11
1043,Thane,Ulhasnagar,Bajra(Pearl Millet/Cumbu),Other,FAQ,1000,1200,1100,25-Jul-11
1044,Thane,Ulhasnagar,Bajra(Pearl Millet/Cumbu),Other,FAQ,900,1200,1000,11-Jul-11
1045,Thane,Ulhasnagar,Bajra(Pearl Millet/Cumbu),Other,FAQ,2000,3000,2500,4-Jul-11
1046,Thane,Ulhasnagar,Bajra(Pearl Millet/Cumbu),Other,FAQ,1000,1200,1100,27-Jun-11
1047,Thane,Ulhasnagar,Bajra(Pearl Millet/Cumbu),Other,FAQ,1500,2000,1800,20-Jun-11
1048,Thane,Ulhasnagar,Bajra(Pearl Millet/Cumbu),Other,FAQ,1000,1500,1200,13-Jun-11
1049,Thane,Ulhasnagar,Bajra(Pearl Millet/Cumbu),Other,FAQ,1500,2500,2000,6-Jun-11
1050,Thane,Ulhasnagar,Bajra(Pearl Millet/Cumbu),Other,FAQ,1000,1500,1200,23-May-11
1051,Thane,Ulhasnagar,Bajra(Pearl Millet/Cumbu),Other,FAQ,2000,2500,2300,2-May-11
1052,Thane,Ulhasnagar,Bajra(Pearl Millet/Cumbu),Other,FAQ,1500,2500,2000,25-Apr-11
1053,Thane,Ulhasnagar,Bajra(Pearl Millet/Cumbu),Other,FAQ,1500,2000,1700,18-Apr-11
1054,Thane,Ulhasnagar,Bajra(Pearl Millet/Cumbu),Other,FAQ,1500,2000,1600,11-Apr-11
1055,Thane,Ulhasnagar,Bajra(Pearl Millet/Cumbu),Other,FAQ,1500,1700,1600,6-Apr-11
1056,Thane,Ulhasnagar,Bajra(Pearl Millet/Cumbu),Other,FAQ,2000,2500,2200,28-Mar-11
1057,Thane,Ulhasnagar,Bajra(Pearl Millet/Cumbu),Other,FAQ,1500,2000,1800,15-Mar-11
1058,Thane,Ulhasnagar,Bajra(Pearl Millet/Cumbu),Other,FAQ,1200,1500,1300,7-Mar-11
1059,Thane,Ulhasnagar,Bajra(Pearl Millet/Cumbu),Other,FAQ,1000,1500,1300,28-Feb-11
1060,Thane,Ulhasnagar,Bajra(Pearl Millet/Cumbu),Other,FAQ,1200,1500,1300,21-Feb-11
1061,Thane,Ulhasnagar,Bajra(Pearl Millet/Cumbu),Other,FAQ,2000,2500,2200,14-Feb-11
1062,Thane,Ulhasnagar,Bajra(Pearl Millet/Cumbu),Other,FAQ,1200,1800,1500,8-Feb-11
1063,Thane,Ulhasnagar,Bajra(Pearl Millet/Cumbu),Other,FAQ,1200,1500,1300,24-Jan-11
1064,Thane,Ulhasnagar,Bajra(Pearl Millet/Cumbu),Other,FAQ,1200,1500,1300,17-Jan-11
1065,Thane,Ulhasnagar,Bajra(Pearl Millet/Cumbu),Other,FAQ,10000,15000,12000,12-Jan-11
1066,Thane,Ulhasnagar,Bajra(Pearl Millet/Cumbu),Other,FAQ,10000,15000,13000,29-Dec-10
1067,Thane,Ulhasnagar,Bajra(Pearl Millet/Cumbu),Other,FAQ,1700,2000,1800,20-Dec-10
1068,Thane,Ulhasnagar,Bajra(Pearl Millet/Cumbu),Other,FAQ,900,1100,1000,16-Nov-10
1069,Thane,Ulhasnagar,Bajra(Pearl Millet/Cumbu),Other,FAQ,9000,15000,14000,8-Nov-10
1070,Thane,Ulhasnagar,Bajra(Pearl Millet/Cumbu),Other,FAQ,1300,1500,1400,29-Oct-10
